Name,Date,Time (East Coast),Location,Crewed or Uncrewed,Launched?,High Temp,Low Temp,Ave Temp,Temp at Launch Time,Hist High Temp,Hist Low Temp,Hist Ave Temp,Percipitation at Launch Time,Hist Ave Percipitation,Wind Direction,Max Wind Speed,Visibility,Wind Speed at Launch Time,Hist Ave Max Wind Speed,Hist Ave Visibility,Sea Level Pressure,Hist Ave Sea Level Pressure,Day Length,Condition,Notes
,1958-12-04 00:00:00,,Cape Canaveral,,,75.0,68.0,71.0,,75.0,55.0,65.0,0.0,0.08,E,16.0,15.0,,,,30.22,,10:26:00,Cloudy,
,1958-12-05 00:00:00,,Cape Canaveral,,,78.0,70.0,73.39,,75.0,55.0,65.0,0.0,0.09,E,14.0,10.0,,,,30.2,,10:26:00,Cloudy,
Pioneer 3,1958-12-06 00:00:00,01:45:00,Cape Canaveral,Uncrewed,Y,73.0,0.0,60.21,62.0,75.0,55.0,65.0,0.0,0.09,NE,15.0,10.0,11.0,,,30.25,,10:25:00,Cloudy,
,1958-12-07 00:00:00,,Cape Canaveral,,,76.0,57.0,66.04,,75.0,55.0,65.0,0.0,0.08,N,10.0,10.0,,,,30.28,,10:25:00,Partly Cloudy,
,1958-12-08 00:00:00,,Cape Canaveral,,,79.0,60.0,70.52,,75.0,55.0,65.0,0.0,0.09,E,12.0,10.0,,,,30.23,,12:24:00,Partly Cloudy,
,1959-03-01 00:00:00,,Cape Canaveral,,,78.0,0.0,60.92,,75.0,53.0,64.0,0.0,0.1,SE,10.0,10.0,,,,30.13,,11:35:00,Cloudy,
,1959-03-02 00:00:00,,Cape Canaveral,,,82.0,0.0,65.12,,75.0,54.0,64.0,0.0,0.09,E,13.0,10.0,,,,30.19,,11:37:00,Partly Cloudy,
Pioneer 4,1959-03-03 00:00:00,13:10:00,Cape Canaveral,Uncrewed,Y,78.0,0.0,69.65,78.0,75.0,54.0,64.0,0.0,0.1,SE,20.0,7.0,12.0,,,30.13,,11:38:00,Cloudy,
,1959-03-04 00:00:00,,Cape Canaveral,,,77.0,0.0,66.72,,75.0,54.0,65.0,0.0,0.1,SE,21.0,7.0,,,,30.11,,11:40:00,Cloudy,
,1959-03-05 00:00:00,,Cape Canaveral,,,81.0,67.0,72.63,,75.0,54.0,65.0,0.0,0.1,SE,17.0,10.0,,,,30.12,,11:42:00,Cloudy,
,1961-08-21 00:00:00,,Cape Canaveral,,,86.0,0.0,58.63,,90.0,73.0,82.0,0.0,0.24,W,16.0,7.0,,,,29.98,,12:58:00,Cloudy,
,1961-08-22 00:00:00,,Cape Canaveral,,,90.0,0.0,78.8,,90.0,73.0,82.0,0.0,0.25,E,15.0,10.0,,,,30.03,,12:57:00,Cloudy,
Ranger 1,1961-08-23 00:00:00,11:04:00,Cape Canaveral,Uncrewed,Y,91.0,80.0,85.35,90.0,90.0,73.0,82.0,0.0,0.24,SE,20.0,10.0,9.0,,,30.03,,12:56:00,Partly Cloudy,
,1961-08-24 00:00:00,,Cape Canaveral,,,91.0,0.0,81.32,,90.0,73.0,82.0,0.0,0.25,E,15.0,10.0,,,,30.01,,12:54:00,Mostly Cloudy,
,1961-08-25 00:00:00,,Cape Canaveral,,,90.0,79.0,84.54,,90.0,73.0,82.0,0.0,0.25,NE,16.0,10.0,,,,29.99,,12:53:00,Partly Cloudy,
,1961-11-16 00:00:00,,Cape Canaveral,,,80.0,46.0,62.75,,78.0,59.0,69.0,0.0,0.09,W,13.0,10.0,,,,30.01,,10:43:00,Fair,
,1961-11-17 00:00:00,,Cape Canaveral,,,74.0,0.0,60.12,,78.0,59.0,69.0,0.0,0.09,NW,23.0,15.0,,,,29.98,,10:42:00,Windy,
Ranger 2,1961-11-18 00:00:00,09:09:00,Cape Canaveral,Uncrewed,Y,76.0,49.0,62.0,54.0,78.0,59.0,69.0,0.0,0.08,N,12.0,15.0,6.0,,,30.04,,10:41:00,Fair,
,1961-11-19 00:00:00,,Cape Canaveral,,,77.0,48.0,63.25,,78.0,59.0,68.0,0.0,0.08,W,10.0,10.0,,,,30.08,,10:40:00,Fair,
,1961-11-20 00:00:00,,Cape Canaveral,,,83.0,55.0,69.0,,78.0,58.0,68.0,0.0,0.07,W,17.0,10.0,,,,30.03,,10:39:00,Fair,
,1962-01-24 00:00:00,,Cape Canaveral,,,70.0,0.0,56.68,,72.0,49.0,61.0,0.0,0.08,NW,15.0,10.0,,,,30.08,,10:43:00,Cloudy,
,1962-01-25 00:00:00,,Cape Canaveral,,,68.0,47.0,58.78,,72.0,49.0,61.0,0.0,0.08,E,12.0,20.0,,,,30.13,,10:44:00,Fair,
Ranger 3,1962-01-26 00:00:00,21:30:00,Cape Canaveral,Uncrewed,Y,65.0,51.0,56.55,53.0,72.0,79.0,61.0,0.0,0.08,N,22.0,10.0,17.0,,,30.2,,10:45:00,Fair,
,1962-01-27 00:00:00,,Cape Canaveral,,,65.0,41.0,53.48,,72.0,50.0,61.0,0.0,0.08,E,17.0,10.0,,,,30.27,,10:46:00,Partly Cloudy,
,1962-01-28 00:00:00,,Cape Canaveral,,,70.0,0.0,57.75,,72.0,50.0,61.0,0.0,0.08,NE,60.0,10.0,,,,30.3,,10:47:00,Partly Cloudy,
,1962-04-21 00:00:00,,Cape Canaveral,,,93.0,0.0,68.11,,82.0,61.0,71.0,0.0,0.06,SE,13.0,7.0,,,,30.14,,12:59:00,Partly Cloudy,
,1962-04-22 00:00:00,,Cape Canaveral,,,91.0,0.0,74.08,,82.0,61.0,72.0,0.8,0.07,SE,16.0,7.0,,,,30.13,,13:01:00,Mostly Cloudy,
Ranger 4,1962-04-23 00:00:00,21:50:00,Cape Canaveral,Uncrewed,Y,76.0,0.0,67.35,71.0,82.0,62.0,72.0,0.0,0.06,NE,29.0,7.0,26.0,,,30.19,,13:02:00,Cloudy,
,1962-04-24 00:00:00,,Cape Canaveral,,,74.0,0.0,63.48,,82.0,62.0,72.0,0.0,0.07,E,22.0,7.0,,,,30.16,,13:04:00,Cloudy,
,1962-04-25 00:00:00,,Cape Canaveral,,,82.0,0.0,72.48,,82.0,62.0,72.0,0.0,0.06,SE,20.0,7.0,,,,30.1,,13:05:00,Cloudy,Looks like we didnâ€™t capture temp at 7pm - probably an opportunity to clean the data
,1962-10-16 00:00:00,,Cape Canaveral,,,75.0,59.0,65.74,,84.0,68.0,76.0,0.1,0.16,NW,14.0,20.0,,,,30,,11:28:00,Cloudy,
,1962-10-17 00:00:00,,Cape Canaveral,,,79.0,58.0,69.43,,84.0,68.0,76.0,0.0,0.15,NW,18.0,20.0,,,,30.09,,11:27:00,Cloudy,
Ranger 5,1962-10-18 00:00:00,17:59:00,Cape Canaveral,Uncrewed,Y,79.0,74.0,76.33,77.0,84.0,68.0,76.0,0.0,0.16,E,21.0,20.0,14.0,,,30.19,,11:25:00,Cloudy,
,1962-10-19 00:00:00,,Cape Canaveral,,,83.0,76.0,78.32,,84.0,67.0,76.0,0.12,0.15,E,25.0,20.0,,,,30.14,,11:23:00,T-Storm,
,1962-10-20 00:00:00,,Cape Canaveral,,,84.0,74.0,78.55,,83.0,64.0,75.0,0.05,0.16,NE,20.0,20.0,,,,30.12,,11:22:00,T-Storm,
,1964-01-28 00:00:00,,Cape Canaveral,,,70.0,0.0,58.88,,72.0,50.0,61.0,0.0,0.8,W,17.0,15.0,,,,29.97,,10:47:00,Fair,
,1964-01-29 00:00:00,,Cape Canaveral,,,71.0,47.0,58.46,,72.0,50.0,61.0,0.04,0.08,NW,20.0,10.0,,,,30.04,,10:48:00,Rain,
Ranger 6,1964-01-30 00:00:00,11:49:00,Cape Canaveral,Uncrewed,Y,74.0,44.0,58.74,54.0,72.0,50.0,61.0,0.0,0.08,W,15.0,20.0,12.0,,,30.11,,10:49:00,Fair,
,1964-01-31 00:00:00,,Cape Canaveral,,,58.0,45.0,52.54,,72.0,50.0,61.0,0.0,0.08,NW,30.0,15.0,,,,30.12,,10:51:00,Cloudy,
,1964-02-01 00:00:00,,Cape Canaveral,,,59.0,39.0,48.52,,72.0,50.0,61.0,0.0,0.09,NW,16.0,15.0,,,,30.19,,10:52:00,Partly Cloudy,
,1964-07-26 00:00:00,,Cape Canaveral,,,86.0,77.0,81.05,,91.0,73.0,82.0,0.0,0.21,E,9.0,20.0,,,,30.1,,13:33:00,Cloudy,
,1964-07-27 00:00:00,,Cape Canaveral,,,89.0,0.0,78.92,,91.0,73.0,82.0,0.2,0.2,SE,13.0,7.0,,,,30.08,,13:32:00,T-Storm,
Ranger 7,1964-07-28 00:00:00,17:50:00,Cape Canaveral,Uncrewed,Y,89.0,0.0,78.83,83.0,91.0,73.0,82.0,0.0,0.21,S,13.0,7.0,8.0,,,30.09,,13:31:00,Cloudy,
,1964-07-29 00:00:00,,Cape Canaveral,,,87.0,79.0,82.67,,91.0,73.0,82.0,0.0,0.21,W,10.0,20.0,,,,30.08,,13:30:00,Cloudy,
,1964-07-30 00:00:00,,Cape Canaveral,,,87.0,0.0,73.67,,91.0,73.0,82.0,0.15,0.21,E,15.0,20.0,,,,30.03,,13:29:00,Rain,
,1965-02-15 00:00:00,,Cape Canaveral,,,54.0,35.0,44.57,,74.0,52.0,63.0,0.0,0.09,W,14.0,15.0,,,,30.12,,11:13:00,Cloudy,
,1965-02-16 00:00:00,,Cape Canaveral,,,63.0,34.0,48.96,,74.0,52.0,63.0,0.0,0.1,W,15.0,25.0,,,,30.2,,11:15:00,Fair,
Ranger 8,1965-02-17 00:00:00,18:05:00,Cape Canaveral,Uncrewed,Y,68.0,0.0,51.67,60.0,74.0,52.0,63.0,0.0,0.09,E,12.0,20.0,9.0,,,30.29,,11:16:00,Partly Cloudy,
,1965-02-18 00:00:00,,Cape Canaveral,,,72.0,48.0,60.41,,74.0,52.0,63.0,0.02,0.08,NE,14.0,20.0,,,,30.33,,11:18:00,Thunder,
,1965-02-19 00:00:00,,Cape Canaveral,,,75.0,54.0,65.17,,74.0,52.0,63.0,0.0,0.09,NE,15.0,15.0,,,,30.26,,11:20:00,Partly Cloudy,
,1965-03-19 00:00:00,,Cape Canaveral,,,69.0,43.0,58.54,,77.0,55.0,66.0,0.15,0.12,E,13.0,25.0,,,,30.24,,12:06:00,Rain,
,1965-03-20 00:00:00,,Cape Canaveral,,,73.0,62.0,67.21,,77.0,56.0,66.0,0.0,0.12,E,16.0,15.0,,,,30.21,,12:08:00,Partly Cloudy,
Ranger 9,1965-03-21 00:00:00,22:37:00,Cape Canaveral,Uncrewed,Y,71.0,0.0,51.24,68.0,77.0,56.0,67.0,0.03,0.11,NE,23.0,15.0,12.0,,,30,,12:09:00,Cloudy,
,1965-03-22 00:00:00,,Cape Canaveral,,,86.0,0.0,69.29,,77.0,56.0,67.0,0.0,0.1,E,17.0,15.0,,,,20:52:00,,12:11:00,Partly Cloudy,
,1965-03-23 00:00:00,,Cape Canaveral,,,79.0,56.0,65.04,,78.0,56.0,67.0,0.0,0.11,E,17.0,10.0,,,,29.99,,12:13:00,Fair,
,1966-05-28 00:00:00,,Cape Canaveral,,,85.0,78.0,80.54,,87.0,70.0,79.0,0.14,0.15,SE,16.0,10.0,,,,30.54,,13:45:00,Rain,
,1966-05-29 00:00:00,,Cape Canaveral,,,83.0,0.0,73.77,,88.0,70.0,79.0,0.0,0.16,SE,16.0,10.0,,,,30.04,,13:46:00,Fair,
Surveyor 1,1966-05-30 00:00:00,15:41:00,Cape Canaveral,Uncrewed,Y,85.0,66.0,77.83,84.0,88.0,70.0,79.0,0.0,0.16,E,17.0,10.0,6.0,,,29.99,,13:47:00,Partly Cloudy,
,1966-05-31 00:00:00,,Cape Canaveral,,,86.0,71.0,79.5,,88.0,70.0,79.0,0.0,0.16,S,20.0,20.0,,,,29.91,,13:47:00,Partly Cloudy,
,1966-06-01 00:00:00,,Cape Canaveral,,,88.0,75.0,81.5,,88.0,70.0,79.0,0.24,0.19,SE,17.0,20.0,,,,29.97,,13:48:00,T-Storm,
,1966-09-18 00:00:00,,Cape Canaveral,,,85.0,0.0,74.58,,88.0,73.0,81.0,0.0,0.27,E,17.0,10.0,,,,30.14,,12:14:00,Cloudy,
,1966-09-19 00:00:00,,Cape Canaveral,,,91.0,0.0,64.9,,88.0,73.0,81.0,0.0,0.27,E,23.0,7.0,,,,30.17,,12:13:00,Partly Cloudy,
Surveyor 2,1966-09-20 00:00:00,13:32:00,Cape Canaveral,Uncrewed,Y,86.0,76.0,81.75,86.0,88.0,73.0,80.0,0.0,0.26,E,17.0,20.0,16.0,,,30.18,,12:11:00,Partly Cloudy,
,1966-09-21 00:00:00,,Cape Canaveral,,,86.0,74.0,81.0,,88.0,73.0,80.0,0.8,0.26,NE,16.0,20.0,,,,30.14,,12:09:00,Rain,
,1966-09-22 00:00:00,,Cape Canaveral,,,85.0,73.0,80.39,,88.0,73.0,80.0,0.0,0.25,E,14.0,20.0,,,,30.08,,12:08:00,Partly Cloudy,
,1967-04-15 00:00:00,,Cape Canaveral,,,80.0,0.0,63.64,,81.0,60.0,70.0,0.1,0.06,S,23.0,10.0,,,,29.96,,12:50:00,Cloudy,
,1967-04-16 00:00:00,,Cape Canaveral,,,78.0,58.0,69.05,,81.0,60.0,70.0,0.04,0.07,W,21.0,10.0,,,,29.8,,12:51:00,T-Storm,
Surveyor 3,1967-04-17 00:00:00,08:05:00,Cape Canaveral,Uncrewed,Y,76.0,61.0,67.75,62.0,81.0,60.0,71.0,0.0,0.06,NW,23.0,10.0,19.0,,,29.75,,12:53:00,Fair,
,1967-04-18 00:00:00,,Cape Canaveral,,,81.0,0.0,62.32,,81.0,60.0,71.0,0.0,0.07,W,24.0,10.0,,,,29.81,,12:54:00,Cloudy,
,1967-04-19 00:00:00,,Cape Canaveral,,,76.0,55.0,66.33,,81.0,61.0,71.0,0.0,0.06,W,21.0,10.0,,,,29.98,,12:56:00,Fair,
,1967-07-12 00:00:00,,Cape Canaveral,,,94.0,0.0,76.0,,91.0,73.0,82.0,0.1,0.19,S,17.0,10.0,,,,30.01,,13:47:00,Rain,
,1967-07-13 00:00:00,,Cape Canaveral,,,93.0,0.0,67.69,,91.0,73.0,82.0,0.4,0.18,W,23.0,7.0,,,,29.96,,13:46:00,T-Storm,
Surveyor 4,1967-07-14 00:00:00,12:53:00,Cape Canaveral,Uncrewed,Y,96.0,0.0,59.53,91.0,91.0,73.0,82.0,0.1,0.17,W,17.0,7.0,10.0,,,29.98,,13:46:00,Rain,
,1967-07-15 00:00:00,,Cape Canaveral,,,88.0,0.0,69.81,,91.0,73.0,82.0,0.5,0.18,SW,15.0,7.0,,,,29.99,,13:45:00,Thunder,
,1967-07-16 00:00:00,,Cape Canaveral,,,88.0,0.0,62.39,,91.0,73.0,82.0,0.0,0.17,SW,21.0,15.0,,,,30.03,,13:44:00,Cloudy,
,1967-09-06 00:00:00,,Cape Canaveral,,,87.0,0.0,75.78,,89.0,73.0,81.0,0.0,0.24,NE,17.0,15.0,,,,29.92,,12:34:00,Cloudy,
,1967-09-07 00:00:00,,Cape Canaveral,,,87.0,75.0,80.22,,89.0,73.0,81.0,0.0,0.24,N,14.0,15.0,,,,29.9,,12:33:00,Partly Cloudy,
Surveyor 5,1967-09-08 00:00:00,08:57:00,Cape Canaveral,Uncrewed,Y,88.0,75.0,81.17,75.0,89.0,73.0,81.0,0.0,0.24,NE,13.0,10.0,7.0,,,29.93,,12:32:00,Fair,
,1967-09-09 00:00:00,,Cape Canaveral,,,89.0,0.0,75.21,,89.0,73.0,80.0,0.0,0.24,E,17.0,10.0,,,,29.99,,,,
,1967-09-10 00:00:00,,Cape Canaveral,,,87.0,0.0,73.29,,89.0,73.0,81.0,0.2,0.24,E,17.0,10.0,,,,30.03,,12:28:00,Rain,
,1967-11-05 00:00:00,,Cape Canaveral,,,78.0,0.0,54.68,,80.0,62.0,71.0,0.1,0.12,W,15.0,15.0,,,,29.88,,10:58:00,Cloudy,
,1967-11-06 00:00:00,,Cape Canaveral,,,78.0,0.0,63.68,,80.0,62.0,71.0,0.0,0.11,W,25.0,7.0,,,,30.1,,10:57:00,Cloudy,
Surveyor 6,1967-11-07 00:00:00,08:39:00,Cape Canaveral,Uncrewed,Y,78.0,74.0,75.19,63.0,80.0,62.0,71.0,0.0,0.12,E,21.0,10.0,13.0,,,30.19,,10:56:00,Partly Cloudly,
,1967-11-08 00:00:00,,Cape Canaveral,,,80.0,73.0,76.61,,80.0,61.0,71.0,0.0,0.12,E,18.0,10.0,,,,30.19,,10:54:00,Cloudy,
,1967-11-09 00:00:00,,Cape Canaveral,,,83.0,0.0,68.33,,80.0,61.0,70.0,0.0,0.11,NE,16.0,10.0,,,,30.1,,10:53:00,Partly Cloudy,
,1968-01-05 00:00:00,,Cape Canaveral,,,64.0,49.0,56.22,,71.0,49.0,60.0,0.0,0.07,NW,28.0,10.0,,,,30.29,,10:25:00,Cloudy,
,1968-01-06 00:00:00,,Cape Canaveral,,,71.0,0.0,60.17,,71.0,49.0,60.0,0.0,0.06,NW,17.0,10.0,,,,30.26,,10:26:00,Fair,
Surveyor 7,1968-01-07 00:00:00,07:30:00,Cape Canaveral,Uncrewed,Y,77.0,0.0,63.38,69.0,71.0,49.0,60.0,0.0,0.07,SE,18.0,10.0,15.0,,,31.21,,10:26:00,Cloudy,
,1968-01-08 00:00:00,,Cape Canaveral,,,74.0,0.0,44.97,,71.0,49.0,60.0,0.05,0.07,W,16.0,7.0,,,,30.09,,10:27:00,Rain,
,1968-01-09 00:00:00,,Cape Canaveral,,,63.0,0.0,43.97,,71.0,49.0,60.0,0.0,0.07,W,21.0,7.0,,,,30.11,,10:28:00,Cloudy,
,1964-11-26 00:00:00,,Cape Canaveral,,,80.0,69.0,74.3,,77.0,57.0,67.0,0.12,0.09,E,21.0,20.0,,,,30.07,,10:33:00,Thunder,
,1964-11-27 00:00:00,,Cape Canaveral,,,83.0,0.0,68.12,,77.0,57.0,67.0,0.0,0.09,E,18.0,15.0,,,,30.01,,10:32:00,Cloudy,
Mariner 4,1964-11-28 00:00:00,15:22:00,Cape Canaveral,Uncrewed,Y,77.0,0.0,55.28,70.0,76.0,57.0,67.0,0.0,0.09,W,23.0,20.0,12.0,,,30.19,,10:31:00,Partly Cloudy,
,1964-11-29 00:00:00,,Cape Canaveral,,,71.0,49.0,61.43,,76.0,55.0,66.0,0.0,0.09,W,15.0,15.0,,,,30.21,,10:30:00,Cloudy,
,1964-11-30 00:00:00,,Cape Canaveral,,,79.0,0.0,64.04,,76.0,56.0,66.0,0.12,0.08,NW,17.0,20.0,,,,30.16,,10:29:00,T-Storm,
,1970-02-23 00:00:00,,Cape Canaveral,,,85.0,0.0,69.74,,74.0,53.0,64.0,0.0,0.09,W,9.0,10.0,,,,30.1,,11:25:00,Partly Cloudy,
,1970-02-24 00:00:00,,Cape Canaveral,,,86.0,0.0,61.25,,75.0,53.0,64.0,0.0,0.09,W,13.0,10.0,,,,30.11,,11:26:00,Fair,
Mariner 6/7,1970-02-25 00:00:00,02:29:00,Cape Canaveral,Uncrewed,Y,80.0,0.0,60.2,68.0,75.0,53.0,64.0,0.0,0.1,NW,14.0,10.0,12.0,,,30.03,,11:28:00,Partly Cloudy,
,1970-02-26 00:00:00,,Cape Canaveral,,,62.0,48.0,52.48,,75.0,53.0,64.0,0.0,0.1,W,20.0,15.0,,,,30.3,,11:30:00,Cloudy,
,1970-02-27 00:00:00,,Cape Canaveral,,,69.0,41.0,54.26,,75.0,53.0,64.0,0.0,0.1,W,9.0,10.0,,,,30.29,,11:31:00,Fair,
,1971-05-07 00:00:00,,Cape Canaveral,,,79.0,0.0,65.93,,84.0,65.0,75.0,0.08,0.07,NE,21.0,10.0,,,,29.98,,13:24:00,Cloudy,
,1971-05-08 00:00:00,,Cape Canaveral,,,82.0,64.0,73.58,,82.0,64.0,73.58,0.0,0.09,NE,21.0,7.0,,,,29.92,,13:25:00,Fair,
Mariner 8,1971-05-09 00:00:00,02:11:00,Cape Canaveral,Uncrewed,Y,83.0,68.0,75.45,71.0,82.0,64.0,75.0,0.0,0.08,E,15.0,8.0,10.0,,,30.2,,13:24:00,Partly Cloudy,
,1971-05-10 00:00:00,,Cape Canaveral,,,91.0,68.0,79.58,,85.0,66.0,75.0,0.0,0.08,NE,16.0,10.0,,,,29.92,,13:26:00,Cloudy,
,1971-05-11 00:00:00,,Cape Canaveral,,,95.0,0.0,74.5,,85.0,66.0,75.0,0.12,0.09,W,15.0,7.0,,,,29.91,,13:28:00,Rain,
,1971-05-28 00:00:00,,Cape Canaveral,,,89.0,0.0,61.23,,87.0,70.0,79.0,0.21,0.15,SW,14.0,10.0,,,,29.91,,13:45:00,T-Storm,
,1971-05-29 00:00:00,,Cape Canaveral,,,93.0,70.0,80.46,,88.0,70.0,79.0,0.03,0.16,SE,15.0,15.0,,,,29.92,,13:46:00,Cloudy,
Mariner 9,1971-05-30 00:00:00,23:23:00,Cape Canaveral,Uncrewed,Y,90.0,75.0,82.88,75.0,88.0,70.0,79.0,0.0,0.16,S,17.0,7.0,9.0,,,29.95,,13:47:00,Fair,
,1971-05-31 00:00:00,,Cape Canaveral,,,90.0,77.0,82.83,,88.0,70.0,79.0,0.0,0.16,SW,17.0,10.0,,,,29.98,,13:47:00,Cloudy,
,1971-06-01 00:00:00,,Cape Canaveral,,,90.0,76.0,82.39,,88.0,70.0,79.0,0.0,0.19,S,23.0,10.0,,,,30.04,,13:48:00,Partly Cloudy,
,1999-01-01 00:00:00,,Cape Canaveral,,,75.0,55.0,65.43,,71.0,50.0,61.0,0.0,0.07,E,15.0,10.0,,,,30.15,,10:23:00,Fair,
,1999-01-02 00:00:00,,Cape Canaveral,,,79.0,70.0,73.71,,71.0,50.0,60.0,0.11,0.07,SE,17.0,7.0,,,,30.05,,10:24:00,Rain,
Deep Space 2,1999-01-03 00:00:00,21:21:00,Cape Canaveral,Uncrewed,Y,75.0,59.0,67.96,73.0,71.0,50.0,60.0,0.0,0.07,SW,21.0,10.0,7.0,,,30.09,,10:24:00,Cloudy,
,1999-01-04 00:00:00,,Cape Canaveral,,,57.0,43.0,50.82,,71.0,49.0,60.0,0.0,0.07,NW,17.0,10.0,,,,30.29,,10:25:00,Fair,
,1999-01-05 00:00:00,,Cape Canaveral,,,52.0,36.0,43.14,,71.0,49.0,60.0,0.0,0.07,W,16.0,10.0,,,,30.41,,10:25:00,Fair,
,2011-11-24 00:00:00,,Cape Canaveral,,,66.0,52.0,60.15,,79.0,61.0,70.0,0.0,0.11,N,20.0,10.0,,,,30.16,,10:36:00,Fair,
,2011-11-25 00:00:00,,Cape Canaveral,,,76.0,68.0,71.57,,77.0,57.0,67.0,0.0,0.07,E,18.0,10.0,,,,30.22,,10:35:00,Cloudy,
Curiosity,2011-11-26 00:00:00,16:02:00,Cape Canaveral,Uncrewed,Y,78.0,71.0,73.87,73.0,77.0,57.0,67.0,0.0,0.09,E,18.0,10.0,8.0,,,30.2,,10:34:00,Cloudy,
,2011-11-27 00:00:00,,Cape Canaveral,,,79.0,72.0,74.52,,77.0,57.0,67.0,0.0,0.09,SE,15.0,10.0,,,,30.09,,10:33:00,Fair,
,2011-11-28 00:00:00,,Cape Canaveral,,,81.0,61.0,71.13,,76.0,57.0,67.0,0.0,0.09,S,17.0,10.0,,,,29.94,,10:32:00,Cloudy,
,2013-11-16 00:00:00,,Cape Canaveral,,,81.0,71.0,75.35,,78.0,59.0,69.0,0.0,0.09,SE,13.0,10.0,,,,30.1,,10:44:00,Cloudy,
,2013-11-17 00:00:00,,Cape Canaveral,,,83.0,73.0,77.43,,78.0,59.0,69.0,0.0,0.09,SE,16.0,10.0,,,,30.06,,10:43:00,Fair,
Maven,2013-11-18 00:00:00,19:28:00,Cape Canaveral,Uncrewed,Y,86.0,69.0,76.39,78.0,78.0,59.0,69.0,0.0,0.08,W,9.0,10.0,5.0,,,29.99,,10:41:00,Fair,
,2013-11-19 00:00:00,,Cape Canaveral,,,80.0,69.0,73.14,,78.0,59.0,68.0,0.0,0.08,N,14.0,10.0,,,,29.93,,10:40:00,Cloudy,
,2013-11-20 00:00:00,,Cape Canaveral,,,78.0,70.0,73.43,,78.0,58.0,68.0,0.0,0.07,SW,17.0,10.0,,,,30.07,,10:39:00,Cloudy,
,2007-08-02 00:00:00,,Cape Canaveral,,,88.0,75.0,79.82,,91.0,73.0,82.0,0.0,0.24,N,15.0,10.0,,,,30,,13:26:00,Cloudy,
,2007-08-03 00:00:00,,Cape Canaveral,,,93.0,76.0,83.52,,91.0,73.0,82.0,0.0,0.23,S,12.0,10.0,,,,30.03,,13:25:00,Fair,
Phoenix,2007-08-04 00:00:00,10:26:00,Cape Canaveral,Uncrewed,Y,94.0,75.0,83.91,80.0,91.0,73.0,82.0,0.0,0.23,W,12.0,10.0,6.0,,,30.06,,13:24:00,Fair,
,2007-08-05 00:00:00,,Cape Canaveral,,,92.0,77.0,84.13,,91.0,73.0,82.0,0.0,0.23,W,12.0,10.0,,,,30.03,,13:22:00,Fair,
,2007-08-06 00:00:00,,Cape Canaveral,,,93.0,78.0,84.87,,91.0,73.0,82.0,0.0,0.24,E,12.0,10.0,,,,29.99,,13:21:00,Fair,
,1975-09-07 00:00:00,,Cape Canaveral,,,87.0,75.0,80.22,,89.0,73.0,81.0,0.0,0.24,S,14.0,15.0,,,,29.9,,12:33:00,Partly Cloudy,
,1975-09-08 00:00:00,,Cape Canaveral,,,88.0,75.0,81.17,,89.0,73.0,81.0,0.0,0.24,NW,13.0,10.0,,,,29.93,,12:31:00,Fair,
Viking 2,1975-09-09 00:00:00,19:39:00,Cape Canaveral,Uncrewed,Y,89.0,0.0,75.21,79.0,89.0,73.0,81.0,0.0,0.24,NE,17.0,10.0,13.0,,,29.99,,12:30:00,Partly Cloudy,
,1975-09-10 00:00:00,,Cape Canaveral,,,87.0,0.0,73.29,,89.0,73.0,81.0,0.0,0.23,SE,17.0,10.0,,,,30.03,,12:28:00,Partly Cloudy,
,1975-09-11 00:00:00,,Cape Canaveral,,,90.0,0.0,79.28,,89.0,73.0,81.0,0.0,0.25,SE,21.0,10.0,,,,30.06,,12:26:00,Cloudy,
,1997-10-13 00:00:00,,Cape Canaveral,,,84.0,72.0,78.52,,85.0,69.0,77.0,0.0,0.16,E,15.0,7.0,,,,30.05,,11:33:00,Fair,
,1997-10-14 00:00:00,,Cape Canaveral,,,84.0,75.0,79.09,,85.0,69.0,77.0,0.0,0.16,E,17.0,10.0,,,,30.01,,11:31:00,Partly Cloudy,
Cassini-Huygens,1997-10-15 00:00:00,09:43:00,Cape Canaveral,Uncrewed,Y,82.0,73.0,77.63,81.0,84.0,68.0,76.0,0.0,0.16,NE,17.0,10.0,12.0,,,29.99,,11:30:00,Cloudy,
,1997-10-16 00:00:00,,Cape Canaveral,,,82.0,66.0,74.87,,84.0,68.0,76.0,0.0,0.16,NE,12.0,10.0,,,,29.95,,11:28:00,Partly Cloudy,
,1997-10-17 00:00:00,,Cape Canaveral,,,81.0,64.0,73.83,,84.0,68.0,76.0,0.0,0.15,NE,12.0,10.0,,,,29.92,,11:26:00,Partly Cloudy,
,2007-09-25 00:00:00,,Cape Canaveral,,,87.0,77.0,82.06,,88.0,72.0,80.0,0.08,0.25,E,17.0,10.0,,,,30.02,,13:03:00,Partly Cloudy,
,2007-09-26 00:00:00,,Cape Canaveral,,,84.0,74.0,78.67,,87.0,72.0,80.0,0.4,0.26,NE,18.0,10.0,,,,29.98,,12:02:00,Cloudy,
Dawn,2007-09-27 00:00:00,12:34:00,Cape Canaveral,Uncrewed,Y,,,,,,,,,,,,,,,,,,,,
,2007-09-28 00:00:00,,Cape Canaveral,,,89.0,73.0,80.03,,87.0,72.0,80.0,0.0,0.25,W,12.0,10.0,,,,29.98,,11:58:00,Fair,
,2007-09-29 00:00:00,,Cape Canaveral,,,89.0,77.0,82.26,,87.0,72.0,79.0,0.35,0.26,NE,28.0,10.0,,,,30.07,,11:57:00,T-Storm,
,1989-10-16 00:00:00,,Kennedy,,,86.0,0.0,76.38,,84.0,68.0,76.0,0.0,0.16,W,15.0,20.0,,,,30.04,,11:28:00,Partly Cloudy,
,1989-10-17 00:00:00,,Kennedy,,,85.0,74.0,80.48,,84.0,68.0,76.0,0.0,0.15,W,14.0,20.0,,,,30.01,,11:26:00,Partly Cloudy,
Galileo,1989-10-18 00:00:00,17:53:00,Kennedy,Uncrewed,Y,89.0,0.0,61.67,80.0,84.0,68.0,76.0,0.1,0.16,NW,16.0,20.0,8.0,,,29.99,,11:25:00,Cloudy,
,1989-10-19 00:00:00,,Kennedy,,,82.0,0.0,52.75,,84.0,67.0,76.0,0.1,0.15,W,18.0,10.0,,,,30.06,,11:23:00,Rain,
,1989-10-20 00:00:00,,Kennedy,,,63.0,0.0,53.91,,83.0,67.0,75.0,0.0,0.16,NW,24.0,20.0,,,,30.24,,11:22:00,Fair,
,2001-08-06 00:00:00,,Cape Canaveral,,,87.0,70.0,78.36,,91.0,73.0,82.0,0.08,0.24,E,22.0,10.0,,,,30.15,,13:27:00,Cloudy,
,2001-08-07 00:00:00,,Cape Canaveral,,,88.0,74.0,80.46,,91.0,73.0,82.0,0.0,0.25,E,12.0,10.0,,,,30.17,,13:19:00,Fair,
Genesis,2001-08-08 00:00:00,17:13:00,Cape Canaveral,Uncrewed,Y,89.0,73.0,80.74,87.0,91.0,73.0,82.0,0.0,0.25,N,10.0,10.0,7.0,,,30.12,,13:18:00,Fair,
,2001-08-09 00:00:00,,Cape Canaveral,,,90.0,75.0,81.52,,91.0,73.0,82.0,0.0,0.26,E,14.0,10.0,,,,30.08,,13:16:00,Fair,
,2001-08-10 00:00:00,,Cape Canaveral,,,88.0,74.0,80.79,,91.0,73.0,82.0,0.0,0.25,NE,13.0,10.0,,,,30.08,,13:15:00,Partly Cloudy,
,1990-10-04 00:00:00,,Kennedy,,,88.0,0.0,70.64,,86.0,71.0,79.0,0.3,0.21,W,14.0,20.0,,,,30.11,,11:48:00,Rain,
,1990-10-05 00:00:00,,Kennedy,,,85.0,0.0,67.67,,86.0,71.0,79.0,0.4,0.2,S,12.0,20.0,,,,30.06,,11:46:00,T-Storm,
Ulysses,1990-10-06 00:00:00,12:47:00,Kennedy,Uncrewed,Y,86.0,81.0,82.58,86.0,86.0,71.0,78.0,0.0,0.19,E,20.0,20.0,12.0,,,30.06,,11:46:00,Partly Cloudy,
,1990-10-07 00:00:00,,Kennedy,,,87.0,0.0,79.12,,86.0,70.0,78.0,0.0,0.2,E,21.0,21.0,,,,30.07,,11:43:00,Cloudy,
,1990-10-08 00:00:00,,Kennedy,,,86.0,0.0,75.5,,86.0,70.0,78.0,0.2,0.19,NE,17.0,20.0,,,,30.04,,11:41:00,Partly Cloudy,
,2011-08-03 00:00:00,,Cape Canaveral,,,91.0,77.0,83.59,,91.0,73.0,82.0,0.0,0.23,W,13.0,10.0,,,,29.87,,13:25:00,Fair,
,2011-08-04 00:00:00,,Cape Canaveral,,,92.0,75.0,83.32,,91.0,73.0,82.0,0.02,0.23,W,13.0,10.0,,,,29.91,,13:24:00,Cloudy,
Juno,2011-08-05 00:00:00,17:25:00,Cape Canaveral,Uncrewed,Y,93.0,77.0,84.7,87.0,91.0,73.0,82.0,0.0,0.23,NW,14.0,10.0,10.0,,,29.96,,13:22:00,Fair,
,2011-08-06 00:00:00,,Cape Canaveral,,,93.0,77.0,85.29,,91.0,73.0,82.0,0.0,0.24,E,12.0,10.0,,,,29.98,,13:21:00,Fair,
,2011-08-07 00:00:00,,Cape Canaveral,,,95.0,77.0,84.19,,91.0,73.0,82.0,0.02,0.25,W,15.0,10.0,,,,29.96,,13:20:00,Cloudy,
,2006-01-17 00:00:00,,Cape Canaveral,,,79.0,56.0,68.67,,71.0,49.0,60.0,0.0,0.07,S,18.0,10.0,,,,30.02,,10:35:00,Cloudy,
,2006-01-18 00:00:00,,Cape Canaveral,,,71.0,49.0,58.67,,71.0,49.0,60.0,0.16,0.07,W,22.0,10.0,,,,30.34,,10:36:00,Cloudy,
New Horizons,2006-01-19 00:00:00,20:00:00,Cape Canaveral,Uncrewed,Y,69.0,42.0,59.25,65.0,71.0,49.0,60.0,0.0,0.07,NE,15.0,10.0,9.0,,,30.34,,10:37:00,Partly Cloudy,
,2006-01-20 00:00:00,,Cape Canaveral,,,74.0,64.0,68.61,,71.0,49.0,60.0,0.05,0.07,E,15.0,10.0,,,,30.27,,10:38:00,Rain,
,2006-01-21 00:00:00,,Cape Canaveral,,,77.0,67.0,71.61,,72.0,49.0,60.0,0.0,0.07,E,14.0,10.0,,,,30.24,,10:39:00,Fair,
,2005-01-10 00:00:00,,Cape Canaveral,,,51.0,0.0,33.04,,71.0,49.0,60.0,0.0,0.07,NW,21.0,10.0,,,,30.38,,10:29:00,Fair,
,2005-01-11 00:00:00,,Cape Canaveral,,,55.0,0.0,29.04,,71.0,49.0,60.0,0.0,0.07,NW,14.0,10.0,,,,30.4,,10:29:00,Fair,
Deep Impact,2005-01-12 00:00:00,19:47:00,Cape Canaveral,Uncrewed,Y,59.0,0.0,36.78,50.0,71.0,49.0,60.0,0.0,0.08,NW,17.0,10.0,5.0,,,30.33,,10:33:00,Fair,
,2005-01-13 00:00:00,,Cape Canaveral,,,61.0,0.0,38.96,,71.0,49.0,60.0,0.0,0.07,N,8.0,10.0,,,,30.35,,10:31:00,Fair,
,2005-01-14 00:00:00,,Cape Canaveral,,,67.0,43.0,55.39,,71.0,49.0,60.0,0.0,0.08,NE,12.0,10.0,,,,30.27,,10:32:00,Cloudy,
,1998-10-22 00:00:00,,Cape Canaveral,,,81.0,72.0,75.55,,83.0,66.0,75.0,0.0,0.16,N,23.0,10.0,,,,30.08,,11:19:00,Cloudy,
,1998-10-23 00:00:00,,Cape Canaveral,,,77.0,72.0,73.61,,83.0,66.0,74.0,0.0,0.15,NE,24.0,10.0,,,,30.18,,11:17:00,Cloudy,
Deep Space 1,1998-10-24 00:00:00,13:08:00,Cape Canaveral,Uncrewed,Y,82.0,73.0,76.38,82.0,83.0,66.0,74.0,0.0,0.13,E,21.0,20.0,17.0,,,30.22,,11:16:00,Cloudy,
,1998-10-25 00:00:00,,Cape Canaveral,,,82.0,73.0,76.96,,82.0,65.0,74.0,0.0,0.14,NE,17.0,10.0,,,,30.15,,11:14:00,Cloudy,
,1998-10-26 00:00:00,,Cape Canaveral,,,82.0,72.0,76.95,,82.0,65.0,74.0,0.0,0.12,E,20.0,10.0,,,,30.12,,11:13:00,Partly Cloudy,
,1999-02-05 00:00:00,,Cape Canaveral,,,75.0,61.0,68.46,,73.0,51.0,62.0,0.0,0.08,NE,17.0,10.0,,,,30.24,,10:58:00,Fair,
,1999-02-06 00:00:00,,Cape Canaveral,,,75.0,57.0,66.45,,73.0,51.0,62.0,0.0,0.09,E,12.0,10.0,,,,30.18,,10:58:00,Fair,
Stardust,1999-02-07 00:00:00,22:04:00,Cape Canaveral,Uncrewed,Y,81.0,61.0,69.55,72.0,73.0,51.0,62.0,0.0,0.08,SW,16.0,7.0,5.0,,,30.09,,11:00:00,Fair,
,1999-02-08 00:00:00,,Cape Canaveral,,,82.0,0.0,67.52,,73.0,51.0,62.0,0.0,0.09,W,14.0,7.0,,,,30.07,,11:02:00,Cloudy,
,1999-02-09 00:00:00,,Cape Canaveral,,,79.0,61.0,68.91,,73.0,51.0,62.0,0.12,0.08,NE,12.0,7.0,,,,30.16,,11:03:00,Rain,
,1977-09-03 00:00:00,,Cape Canaveral,,,85.0,0.0,49.63,,89.0,73.0,81.0,0.0,0.27,SE,20.0,7.0,,,,30.05,,12:38:00,Cloudy,
,1977-09-04 00:00:00,,Cape Canaveral,,,85.0,0.0,67.2,,89.0,73.0,81.0,0.0,0.25,S,14.0,10.0,,,,30.03,,12:37:00,Cloudy,
Voyager 1,1977-09-05 00:00:00,13:56:00,Cape Canaveral,Uncrewed,Y,88.0,0.0,77.54,87.0,89.0,73.0,81.0,0.0,0.23,SE,15.0,80.0,13.0,,,29.99,,12:35:00,Cloudy,
,1977-09-06 00:00:00,,Cape Canaveral,,,89.0,0.0,48.09,,89.0,73.0,81.0,0.0,0.24,SE,21.0,10.0,,,,30.02,,12:33:00,Cloudy,
,1977-09-07 00:00:00,,Cape Canaveral,,,94.0,77.0,83.54,,89.0,73.0,81.0,0.0,0.24,SE,15.0,10.0,,,,30.07,,12:32:00,Partly Cloudy,
,1977-08-18 00:00:00,,Cape Canaveral,,,94.0,0.0,76.36,,91.0,73.0,82.0,0.0,0.24,SW,14.0,10.0,,,,30.04,,13:03:00,Partly Cloudy,
,1977-08-19 00:00:00,,Cape Canaveral,,,95.0,76.0,84.54,,90.0,73.0,82.0,0.0,0.26,W,21.0,15.0,,,,30.03,,13:02:00,Cloudy,
Voyager 2,1977-08-20 00:00:00,15:29:00,Cape Canaveral,Uncrewed,Y,91.0,0.0,74.48,83.0,90.0,73.0,82.0,0.0,0.24,W,14.0,10.0,12.0,,,30.03,,13:00:00,Cloudy,
,1977-08-21 00:00:00,,Cape Canaveral,,,91.0,0.0,75.25,,90.0,73.0,82.0,0.0,0.24,SW,15.0,10.0,,,,30,,12:59:00,Cloudy,
,1977-08-22 00:00:00,,Cape Canaveral,,,88.0,0.0,76.14,,90.0,73.0,82.0,0.0,0.25,W,20.0,10.0,,,,29.96,,12:57:00,Cloudy,
,1972-02-29 00:00:00,,Cape Canaveral,,,78.0,0.0,54.72,,75.0,53.0,64.0,0.0,0.11,W,16.0,10.0,,,,30.14,,11:34:00,Cloudy,
,1972-03-01 00:00:00,,Cape Canaveral,,,65.0,0.0,56.08,,75.0,53.0,64.0,0.06,0.1,N,17.0,7.0,,,,30.15,,11:35:00,Rain,
 Pioneer 10,1972-03-02 00:00:00,,Cape Canaveral,Uncrewed,Y,70.0,49.0,58.13,52.0,75.0,54.0,64.0,0.0,0.1,N,14.0,10.0,7.0,,,30.16,,11:37:00,Partly Cloudy,
,1972-03-03 00:00:00,,Cape Canaveral,,,77.0,52.0,67.45,,75.0,54.0,64.0,0.0,0.1,E,14.0,10.0,,,,30.03,,11:39:00,Partly Cloudy,
,1972-03-04 00:00:00,,Cape Canaveral,,,90.0,68.0,76.13,,75.0,54.0,65.0,0.1,0.1,S,16.0,10.0,,,,29.97,,11:40:00,Rain,
,1973-04-04 00:00:00,,Cape Canaveral,,,78.0,56.0,68.54,,79.0,58.0,69.0,0.0,0.08,NE,15.0,20.0,,,,30.07,,12:32:00,Fair,
,1973-04-05 00:00:00,,Cape Canaveral,,,79.0,69.0,73.75,,79.0,58.0,69.0,0.0,0.08,SE,20.0,15.0,,,,30.08,,12:34:00,Fair,
Pioneer 11,1973-04-06 00:00:00,03:11:00,Cape Canaveral,Uncrewed,Y,80.0,71.0,75.13,79.0,79.0,58.0,69.0,0.0,0.08,SE,18.0,15.0,16.0,,,30.09,,12:35:00,Partly Cloudy,
,1973-04-07 00:00:00,,Cape Canaveral,,,83.0,73.0,77.26,,80.0,58.0,69.0,0.13,0.08,S,18.0,15.0,,,,30.06,,12:37:00,Cloudy,
,1973-04-08 00:00:00,,Cape Canaveral,,,84.0,77.0,79.23,,80.0,59.0,69.0,0.05,0.08,SE,19.0,15.0,,,,30.02,,12:39:00,Cloudy,
,1967-02-03 00:00:00,,Cape Canaveral,,,69.0,52.0,60.04,,73.0,50.0,62.0,0.0,0.1,W,24.0,20.0,,,,30.06,,10:55:00,Thunder,
,1967-02-04 00:00:00,,Cape Canaveral,,,61.0,45.0,52.46,,73.0,50.0,62.0,0.0,0.09,NW,16.0,20.0,,,,30.21,,10:56:00,Cloudy,
Lunar Orbiter 3,1967-02-05 00:00:00,02:17:00,Cape Canaveral,Uncrewed,Y,71.0,0.0,49.66,70.0,73.0,51.0,62.0,0.0,0.09,E,12.0,15.0,2.0,,,30.03,,10:59:00,Cloudy,
,1967-02-06 00:00:00,,Cape Canaveral,,,65.0,0.0,50.86,,73.0,51.0,62.0,0.0,0.08,NW,23.0,20.0,,,,30.04,,11:01:00,Cloudy,
,1967-02-07 00:00:00,,Cape Canaveral,,,60.0,44.0,50.96,,73.0,51.0,62.0,0.0,0.09,N,12.0,20.0,,,,30.17,,11:02:00,Fair,
,1967-05-02 00:00:00,,Cape Canaveral,,,80.0,58.0,71.38,,83.0,64.0,74.0,0.0,0.06,SE,16.0,10.0,,,,30.01,,13:15:00,Fair,
,1967-05-03 00:00:00,,Cape Canaveral,,,82.0,65.0,75.58,,84.0,64.0,74.0,0.0,0.06,S,17.0,10.0,,,,30,,13:17:00,Fair,
Lunar Orbiter 4,1967-05-04 00:00:00,23:25:00,Cape Canaveral,Uncrewed,Y,81.0,66.0,75.17,76.0,84.0,64.0,74.0,0.0,0.07,E,14.0,10.0,12.0,,,30.03,,13:18:00,Partly Cloudy,
,1967-05-05 00:00:00,,Cape Canaveral,,,82.0,67.0,75.3,,84.0,64.0,74.0,0.0,0.06,E,15.0,10.0,,,,30.03,,13:19:00,Partly Cloudy,
,1967-05-06 00:00:00,,Cape Canaveral,,,81.0,0.0,50.49,,84.0,65.0,74.0,0.04,0.08,N,13.0,10.0,,,,30.03,,13:21:00,Cloudy,
,1967-07-30 00:00:00,,Cape Canaveral,,,91.0,76.0,81.13,,91.0,73.0,82.0,0.1,0.21,S,15.0,20.0,,,,30.03,,13:30:00,T-Storm,
,1967-07-31 00:00:00,,Cape Canaveral,,,89.0,0.0,65.72,,91.0,73.0,82.0,1.8,0.21,S,16.0,20.0,,,,30.05,,13:28:00,Rain,
Lunar Orbiter 5,1967-08-01 00:00:00,23:32:00,Cape Canaveral,Uncrewed,Y,89.0,0.0,77.4,81.0,91.0,73.0,82.0,0.0,0.24,SE,21.0,15.0,6.0,,,30.01,,13:27:00,Partly Cloudy,
,1967-08-02 00:00:00,,Cape Canaveral,,,88.0,0.0,68.44,,91.0,73.0,82.0,0.4,0.24,W,16.0,10.0,,,,29.95,,13:26:00,Cloudy,
,1967-08-03 00:00:00,,Cape Canaveral,,,90.0,76.0,82.35,,91.0,73.0,82.0,0.0,0.23,SW,20.0,10.0,,,,29.98,,13:25:00,Partly Cloudy,
,1968-10-09 00:00:00,,Cape Canaveral,,,81.0,0.0,72.46,,86.0,70.0,78.0,0.0,0.2,E,18.0,15.0,,,,30.03,,11:39:00,Cloudy,
,1968-10-10 00:00:00,,Cape Canaveral,,,81.0,64.0,71.61,,85.0,70.0,78.0,0.0,0.18,NE,16.0,15.0,,,,30.04,,11:37:00,Fair,
Apollo 7,1968-10-11 00:00:00,16:02:00,Cape Canaveral,Crewed,Y,80.0,61.0,70.82,73.0,85.0,69.0,77.0,0.0,0.18,W,13.0,15.0,10.0,,,30.03,,11:36:00,Fair,
,1968-10-12 00:00:00,,Cape Canaveral,,,79.0,0.0,67.39,,85.0,69.0,77.0,0.0,0.18,NW,17.0,15.0,,,,30.11,,11:34:00,Partly Cloudy,
,1968-10-13 00:00:00,,Cape Canaveral,,,78.0,60.0,69.68,,85.0,69.0,77.0,0.0,0.16,N,17.0,15.0,,,,30.17,,11:32:00,Partly Cloudy,
,1968-12-19 00:00:00,,Cape Canaveral,,,60.0,36.0,49.13,,73.0,52.0,62.0,0.0,0.1,N,15.0,20.0,,,,30.39,,10:21:00,Fair,
,1968-12-20 00:00:00,,Cape Canaveral,,,73.0,53.0,65.04,,73.0,52.0,62.0,0.0,0.09,NE,16.0,20.0,,,,30.32,,10:21:00,Cloudy,
Apollo 8,1968-12-21 00:00:00,13:51:00,Cape Canaveral,Crewed,Y,76.0,0.0,62.61,74.0,72.0,52.0,62.0,0.0,0.09,N,10.0,20.0,6.0,,,30.27,,10:21:00,Cloudy,
,1968-12-22 00:00:00,,Cape Canaveral,,,76.0,63.0,68.75,,72.0,52.0,62.0,0.0,0.09,NE,12.0,20.0,,,,30.29,,10:21:00,Cloudy,
,1968-12-23 00:00:00,,Cape Canaveral,,,76.0,62.0,69.39,,72.0,51.0,62.0,0.0,0.08,E,15.0,20.0,,,,30.21,,10:21:00,Cloudy,
,1969-07-14 00:00:00,,Kennedy,,,95.0,0.0,71.96,,91.0,73.0,82.0,0.0,0.17,W,32.0,15.0,,,,30.03,,13:45:00,Partly Cloudy,
,1969-07-15 00:00:00,,Kennedy,,,89.0,0.0,72.33,,91.0,73.0,82.0,0.0,0.18,E,18.0,20.0,,,,30.11,,13:44:00,Partly Cloudy,
Apollo 11,1969-07-16 00:00:00,14:32:00,Kennedy,Crewed,Y,91.0,0.0,58.3,89.0,91.0,73.0,82.0,1.2,0.17,E,29.0,20.0,15.0,,,30.08,,13:44:00,Rain,
,1969-07-17 00:00:00,,Kennedy,,,91.0,0.0,65.36,,91.0,73.0,82.0,0.5,0.18,E,17.0,20.0,,,,30.03,,13:43:00,Thunder,
,1969-07-18 00:00:00,,Kennedy,,,90.0,0.0,68.35,,91.0,73.0,82.0,0.0,0.17,S,17.0,20.0,,,,30.06,,13:42:00,Cloudy,
,1969-11-12 00:00:00,,Kennedy,,,78.0,58.0,69.79,,79.0,60.0,70.0,0.0,0.1,E,13.0,20.0,,,,30.21,,10:48:00,Cloudy,
,1969-11-13 00:00:00,,Kennedy,,,80.0,72.0,75.75,,79.0,60.0,70.0,0.0,0.1,E,16.0,20.0,,,,30.2,,10:47:00,Cloudy,
Apollo 12,1969-11-14 00:00:00,17:22:00,Kennedy,Crewed,Y,81.0,73.0,76.45,78.0,79.0,60.0,69.0,0.0,0.1,NE,17.0,20.0,12.0,,,30.11,,10:46:00,Fair,
,1969-11-15 00:00:00,,Kennedy,,,83.0,0.0,68.79,,79.0,60.0,69.0,0.0,0.09,S,16.0,20.0,,,,30.11,,10:45:00,Cloudy,
,1969-11-16 00:00:00,,Kennedy,,,81.0,0.0,59.39,,78.0,59.0,69.0,0.12,0.09,SE,17.0,15.0,,,,29.96,,10:43:00,Cloudy,
,1970-04-09 00:00:00,,Kennedy,,,78.0,0.0,68.65,,80.0,59.0,69.0,0.0,0.08,E,21.0,20.0,,,,30.3,,12:40:00,Cloudy,
,1970-04-10 00:00:00,,Kennedy,,,83.0,0.0,72.87,,80.0,59.0,69.0,0.0,0.07,E,17.0,20.0,,,,30.27,,12:42:00,Partly Cloudy,
Apollo 13,1970-04-11 00:00:00,20:13:00,Kennedy,Crewed,Y,85.0,0.0,69.04,78.0,80.0,59.0,70.0,0.0,0.08,SW,17.0,20.0,9.0,,,30.06,,12:44:00,Cloudy,
,1970-04-12 00:00:00,,Kennedy,,,76.0,59.0,68.19,,80.0,59.0,70.0,0.0,0.07,N,18.0,20.0,,,,30.14,,12:45:00,Fair,
,1970-04-13 00:00:00,,Kennedy,,,78.0,0.0,62.85,,80.0,59.0,70.0,0.0,0.07,NE,18.0,20.0,,,,30.24,,12:47:00,Cloudy,
,1971-02-07 00:00:00,,Kennedy,,,82.0,64.0,72.04,,73.0,51.0,62.0,0.0,0.08,S,14.0,10.0,,,,30.08,,11:01:00,Cloudy,
,1971-02-08 00:00:00,,Kennedy,,,70.0,0.0,59.52,,73.0,51.0,62.0,1.2,0.09,E,13.0,10.0,,,,29.97,,11:03:00,Rain,
Apollo 14,1971-02-09 00:00:00,22:03:00,Kennedy,Crewed,Y,71.0,0.0,58.26,70.0,73.0,51.0,62.0,0.0,0.08,N,13.0,15.0,5.0,,,30.15,,11:04:00,Fair,
,1971-02-10 00:00:00,,Kennedy,,,76.0,0.0,68.46,,73.0,51.0,62.0,0.0,0.09,E,16.0,15.0,,,,30.13,,11:06:00,Cloudy,
,1971-02-11 00:00:00,,Kennedy,,,84.0,0.0,67.73,,73.0,51.0,62.0,0.1,0.08,W,17.0,10.0,,,,30.29,,11:07:00,Cloudy,
,1971-07-24 00:00:00,,Kennedy,,,90.0,73.0,82.87,,91.0,73.0,82.0,0.0,0.2,E,21.0,10.0,,,,30.1,,13:36:00,Partly Cloudy,
,1971-07-25 00:00:00,,Kennedy,,,93.0,78.0,85.68,,91.0,73.0,82.0,0.0,0.2,NE,15.0,7.0,,,,30.21,,13:35:00,Partly Cloudy,
Apollo 15,1971-07-26 00:00:00,14:34:00,Kennedy,Crewed,Y,93.0,0.0,83.05,91.0,91.0,73.0,82.0,0.0,0.21,SE,16.0,10.0,15.0,,,30.15,,13:34:00,Partly Cloudy,
,1971-07-27 00:00:00,,Kennedy,,,92.0,83.0,87.45,,91.0,73.0,82.0,0.0,0.2,E,17.0,10.0,,,,30.16,,13:32:00,Partly Cloudy,
,1971-07-28 00:00:00,,Kennedy,,,93.0,0.0,82.78,,91.0,73.0,82.0,0.0,0.21,E,18.0,15.0,,,,30.14,,13:31:00,Partly Cloudy,
,1972-04-14 00:00:00,,Kennedy,,,87.0,0.0,74.36,,81.0,60.0,70.0,0.0,0.07,E,14.0,7.0,,,,30.01,,12:49:00,Cloudy,
,1972-04-15 00:00:00,,Kennedy,,,87.0,0.0,66.71,,81.0,60.0,70.0,0.1,81.0,NE,21.0,7.0,,,,30.04,,12:50:00,Partly Cloudy,
Apollo 16,1972-04-16 00:00:00,18:54:00,Kennedy,Crewed,Y,88.0,71.0,77.67,78.0,81.0,60.0,70.0,0.0,0.07,E,14.0,10.0,8.0,,,30.11,,12:51:00,Cloudy,
,1972-04-17 00:00:00,,Kennedy,,,89.0,74.0,79.48,,81.0,60.0,71.0,0.0,0.06,E,13.0,15.0,,,,30.14,,12:53:00,Cloudy,
,1972-04-18 00:00:00,,Kennedy,,,89.0,0.0,73.32,,81.0,60.0,71.0,0.0,0.07,NE,20.0,10.0,,,,30.07,,12:55:00,Fair,
,1965-03-21 00:00:00,,Cape Canaveral,,,71.0,0.0,51.24,,77.0,56.0,67.0,0.2,0.11,SE,23.0,15.0,,,,30.04,,12:09:00,Rain,
,1965-03-22 00:00:00,,Cape Canaveral,,,86.0,0.0,69.29,,77.0,56.0,67.0,0.0,0.1,W,17.0,15.0,,,,29.87,,12:11:00,Partly Cloudy,
Gemini 3,1965-03-23 00:00:00,15:24:00,Cape Canaveral,Crewed,Y,79.0,56.0,65.04,70.0,78.0,56.0,67.0,0.0,0.11,NW,17.0,10.0,11.0,,,29.99,,12:13:00,Fair,
,1965-03-24 00:00:00,,Cape Canaveral,,,85.0,56.0,67.87,,78.0,56.0,67.0,0.0,0.11,W,14.0,20.0,,,,30.04,,12:14:00,Fair,
,1965-03-25 00:00:00,,Cape Canaveral,,,75.0,0.0,55.74,,78.0,56.0,67.0,0.0,0.11,W,14.0,30.0,,,,30.18,,12:16:00,Cloudy,
,1965-06-01 00:00:00,,Cape Canaveral,,,99.0,72.0,83.77,,88.0,70.0,79.0,0.0,0.19,W,15.0,20.0,,,,29.99,,13:48:00,Partly Cloudy,
,1965-06-02 00:00:00,,Cape Canaveral,,,95.0,0.0,77.68,,88.0,71.0,79.0,0.0,0.2,W,14.0,10.0,,,,29.99,,13:49:00,Fair,
Gemini 4,1965-06-03 00:00:00,16:15:00,Cape Canaveral,Crewed,Y,97.0,75.0,84.81,98.0,88.0,71.0,79.0,0.0,0.19,E,13.0,10.0,8.0,,,30,,13:49:00,Partly Cloudy,
,1965-06-04 00:00:00,,Cape Canaveral,,,97.0,76.0,84.76,,88.0,71.0,80.0,0.0,0.2,NE,14.0,10.0,,,,30.91,,13:50:00,Fair,
,1965-06-05 00:00:00,,Cape Canaveral,,,88.0,74.0,81.76,,88.0,71.0,80.0,0.0,0.2,E,9.0,10.0,,,,29.99,,13:51:00,Partly Cloudy,
,1965-08-19 00:00:00,,Cape Canaveral,,,92.0,0.0,70.85,,90.0,73.0,82.0,0.6,0.26,SW,15.0,10.0,,,,30.01,,13:02:00,Rain,
,1965-08-20 00:00:00,,Cape Canaveral,,,92.0,0.0,68.3,,90.0,73.0,82.0,0.1,0.24,SE,17.0,10.0,,,,30.06,,13:00:00,Cloudy,
Gemini 5,1965-08-21 00:00:00,14:59:00,Cape Canaveral,Crewed,Y,90.0,0.0,74.52,79.0,90.0,73.0,82.0,0.5,0.24,S,23.0,10.0,15.0,,,30.06,,12:59:00,Cloudy,
,1965-08-22 00:00:00,,Cape Canaveral,,,90.0,73.0,90.79,,90.0,73.0,82.0,0.0,0.25,S,13.0,10.0,,,,30.04,,12:57:00,Partly Cloudy,
,1965-08-23 00:00:00,,Cape Canaveral,,,90.0,73.0,82.0,,90.0,73.0,82.0,0.0,0.24,E,9.0,10.0,,,,30.06,,12:56:00,Cloudy,
,1965-12-02 00:00:00,,Cape Canaveral,,,84.0,62.0,72.5,,76.0,56.0,66.0,0.05,0.08,W,15.0,20.0,,,,30.08,,10:28:00,Rain,
,1965-12-03 00:00:00,,Cape Canaveral,,,68.0,51.0,60.74,,75.0,56.0,66.0,0.0,0.09,NE,17.0,20.0,,,,30.17,,10:27:00,Partly Cloudy,
Gemini 7,1965-12-04 00:00:00,20:03:00,Cape Canaveral,Crewed,Y,77.0,67.0,71.52,71.0,75.0,55.0,65.0,0.0,0.08,E,15.0,10.0,12.0,,,30.19,,10:27:00,Cloudy,
,1965-12-05 00:00:00,,Cape Canaveral,,,73.0,0.0,48.91,,75.0,55.0,65.0,1.2,0.09,E,14.0,7.0,,,,30.1,,10:26:00,T-Storm,
,1965-12-06 00:00:00,,Cape Canaveral,,,66.0,0.0,53.52,,75.0,55.0,65.0,0.0,0.09,NW,17.0,20.0,,,,30.11,,10:25:00,Cloudy,
,1966-03-14 00:00:00,,Cape Canaveral,,,79.0,0.0,46.55,,76.0,55.0,66.0,0.0,0.11,S,29.0,20.0,,,,30.02,,11:57:00,Cloudy,
,1966-03-15 00:00:00,,Cape Canaveral,,,81.0,0.0,56.14,,77.0,55.0,66.0,0.0,0.11,S,20.0,20.0,,,,29.96,,11:59:00,Cloudy,
Gemini 8,1966-03-16 00:00:00,17:41:00,Cape Canaveral,Crewed,Y,85.0,0.0,64.81,80.0,77.0,55.0,66.0,0.0,0.11,S,16.0,15.0,4.0,,,29.95,,12:00:00,Cloudy,
,1966-03-17 00:00:00,,Cape Canaveral,,,76.0,0.0,65.56,,77.0,55.0,66.0,0.0,0.12,NE,14.0,10.0,,,,30.04,,12:02:00,Partly Cloudy,
,1966-03-18 00:00:00,,Cape Canaveral,,,77.0,67.0,71.76,,77.0,55.0,66.0,0.0,0.11,SE,18.0,10.0,,,,30.11,,12:04:00,Fair,
,1966-06-01 00:00:00,,Cape Canaveral,,,88.0,75.0,81.5,,88.0,70.0,79.0,0.0,0.19,SE,17.0,20.0,,,,29.87,,13:48:00,Cloudy,
,1966-06-02 00:00:00,,Cape Canaveral,,,88.0,75.0,80.96,,88.0,71.0,79.0,0.0,0.2,E,16.0,15.0,,,,29.88,,13:49:00,Partly Cloudy,
Gemini 9A,1966-06-03 00:00:00,14:39:00,Cape Canaveral,Crewed,Y,87.0,0.0,74.4,83.0,88.0,71.0,79.0,0.0,0.19,E,15.0,15.0,6.0,,,29.96,,13:49:00,Cloudy,
,1966-06-04 00:00:00,,Cape Canaveral,,,86.0,79.0,81.79,,88.0,71.0,80.0,0.0,0.2,E,17.0,10.0,,,,29.96,,13:50:00,Partly Cloudy,
,1966-06-05 00:00:00,,Cape Canaveral,,,87.0,0.0,78.54,,88.0,71.0,80.0,0.1,0.2,NE,17.0,15.0,,,,29.88,,13:50:00,Rain,
,2020-05-25 00:00:00,,Cape Canaveral,,,79.0,72.0,74.91,,87.0,69.0,78.0,0.16,0.15,E,18.0,10.0,,,,29.92,,13:43:00,Light Rain,
,2020-05-26 00:00:00,,Cape Canaveral,,,85.0,74.0,78.0,,87.0,69.0,78.0,1.68,0.14,SW,17.0,10.0,,,,29.87,,13:43:00,Cloudy,T-Storm at night
Space X Dragon,2020-05-27 00:00:00,16:33:00,Cape Canaveral,Crewed,N,86.0,70.0,75.02,74.0,87.0,70.0,79.0,0.28,0.15,S,32.0,10.0,25.0,,,29.98,,13:44:00,Heavy T-Storm,
,2020-05-28 00:00:00,,Cape Canaveral,,,87.0,71.0,79.36,,87.0,70.0,79.0,0.0,0.15,S,20.0,10.0,,,,30.08,,13:45:00,Thunder,
,2020-05-29 00:00:00,,Cape Canaveral,,,86.0,72.0,79.5,,88.0,70.0,79.0,0.01,0.16,SE,18.0,10.0,,,,30.05,,13:46:00,Fair,
,2020-05-28 00:00:00,,Cape Canaveral,,,87.0,71.0,79.36,,87.0,70.0,79.0,0.0,0.15,S,20.0,10.0,,,,30.08,,13:45:00,Thunder,
,2020-05-29 00:00:00,,Cape Canaveral,,,86.0,72.0,79.5,,88.0,70.0,79.0,0.01,0.16,SE,18.0,10.0,,,,30.05,,13:46:00,Fair,
Space X Dragon,2020-05-30 00:00:00,20:22:00,Cape Canaveral,Crewed,Y,87.0,75.0,79.69,80.0,88.0,70.0,79.0,0.0,0.16,SE,16.0,10.0,7.0,,,30.03,,13:47:00,Fair,Rain before launch
,2020-05-31 00:00:00,,Cape Canaveral,,,87.0,72.0,79.7,,88.0,70.0,79.0,0.46,0.16,E,13.0,10.0,,,,30.01,,13:47:00,Cloudy,
,2020-06-01 00:00:00,,Cape Canaveral,,,85.0,76.0,80.31,,88.0,70.0,79.0,0.0,0.19,E,16.0,10.0,,,,30.08,,13:48:00,Cloudy,
Rocket_0,2023-07-29,05:16,Baikonur Cosmodrome,Uncrewed,N,63.0,49.0,56.0,60.0,90.0,20.0,55.0,0.1868532666570732,6.745906903645938,E,74.0,1.0,17.0,,3.0,1018,996.0,11:40,Cloudy,Sample note 0
Rocket_1,2023-05-11,09:57,Cape Canaveral,Crewed,N,100.0,13.0,56.5,13.0,69.0,25.0,47.0,9.421740512177166,1.855400872930728,NW,34.0,4.0,34.0,,7.0,1030,1002.0,12:26,Snowy,Sample note 1
Rocket_2,2023-08-07,17:56,Baikonur Cosmodrome,Crewed,N,73.0,19.0,46.0,63.0,71.0,18.0,44.5,5.429130195765505,2.9799505253100413,NW,100.0,2.0,23.0,,7.0,995,1003.0,14:44,Cloudy,Sample note 2
Rocket_3,2022-12-02,22:29,Vandenberg AFB,Uncrewed,N,73.0,44.0,58.5,55.0,87.0,47.0,67.0,4.746778427887133,5.982422398924616,NE,92.0,7.0,30.0,,2.0,1012,993.0,12:36,Snowy,Sample note 3
Rocket_4,2023-06-20,01:25,Cape Canaveral,Uncrewed,Y,97.0,3.0,50.0,52.0,68.0,0.0,34.0,4.979038793982049,6.016372636029369,NW,56.0,7.0,30.0,,10.0,993,994.0,11:43,Snowy,Sample note 4
Rocket_5,2022-12-27,04:16,Baikonur Cosmodrome,Uncrewed,Y,60.0,45.0,52.5,50.0,64.0,21.0,42.5,0.3389680025221686,5.305295057377849,SW,1.0,3.0,1.0,,5.0,1048,994.0,11:04,Stormy,Sample note 5
Rocket_6,2023-05-09,01:41,Kourou,Crewed,N,84.0,35.0,59.5,38.0,68.0,42.0,55.0,6.380879713293552,5.550036937224774,W,38.0,10.0,26.0,,8.0,1000,990.0,10:56,Foggy,Sample note 6
Rocket_7,2023-01-28,16:15,Vandenberg AFB,Crewed,N,58.0,30.0,44.0,43.0,54.0,38.0,46.0,2.7582653867692173,5.147285055925631,SW,53.0,8.0,18.0,,1.0,1003,1044.0,11:40,Snowy,Sample note 7
Rocket_8,2023-03-13,04:26,Baikonur Cosmodrome,Crewed,N,82.0,2.0,42.0,19.0,55.0,33.0,44.0,2.569423049983304,8.621501696661193,SE,99.0,6.0,3.0,,8.0,1044,991.0,12:15,Clear,Sample note 8
Rocket_9,2023-08-28,12:02,Kourou,Crewed,Y,64.0,12.0,38.0,28.0,75.0,2.0,38.5,0.4033710399739254,6.998589625806001,NE,80.0,9.0,56.0,,7.0,1027,1019.0,11:38,Stormy,Sample note 9
Rocket_10,2023-07-18,22:15,Baikonur Cosmodrome,Uncrewed,Y,94.0,32.0,63.0,67.0,66.0,12.0,39.0,5.744250237507864,0.5837031436784323,NW,71.0,3.0,5.0,,2.0,1040,1041.0,11:56,Rainy,Sample note 10
Rocket_11,2023-07-03,07:24,Cape Canaveral,Uncrewed,Y,98.0,12.0,55.0,20.0,57.0,8.0,32.5,9.384671759409004,0.9311962611335324,NE,20.0,9.0,4.0,,9.0,1039,1016.0,10:02,Snowy,Sample note 11
Rocket_12,2023-02-02,16:27,Vandenberg AFB,Uncrewed,N,77.0,17.0,47.0,67.0,85.0,37.0,61.0,3.981764599826788,7.392603663150306,E,31.0,1.0,26.0,,2.0,1015,1029.0,11:35,Snowy,Sample note 12
Rocket_13,2023-06-29,16:19,Vandenberg AFB,Uncrewed,Y,90.0,27.0,58.5,29.0,50.0,4.0,27.0,8.259323042575538,9.79784805290859,E,71.0,1.0,67.0,,8.0,1031,1018.0,10:44,Stormy,Sample note 13
Rocket_14,2023-03-24,10:04,Vandenberg AFB,Uncrewed,N,99.0,3.0,51.0,25.0,86.0,42.0,64.0,1.139589630317316,0.0096971583717375,W,35.0,6.0,30.0,,3.0,1031,990.0,11:56,Stormy,Sample note 14
Rocket_15,2023-05-16,23:55,Vandenberg AFB,Uncrewed,N,73.0,42.0,57.5,43.0,74.0,0.0,37.0,3.1319214897606007,6.861201341841361,W,22.0,7.0,2.0,,6.0,1018,1007.0,11:38,Snowy,Sample note 15
Rocket_16,2023-03-02,08:22,Vandenberg AFB,Crewed,N,77.0,10.0,43.5,27.0,75.0,11.0,43.0,2.1438280108647945,3.013296547439629,E,43.0,1.0,20.0,,5.0,1032,1021.0,14:48,Cloudy,Sample note 16
Rocket_17,2023-03-06,16:58,Vandenberg AFB,Crewed,Y,76.0,33.0,54.5,55.0,69.0,17.0,43.0,4.236005689020158,1.2451353062889603,W,68.0,5.0,13.0,,1.0,1006,993.0,11:57,Clear,Sample note 17
Rocket_18,2023-08-28,06:28,Cape Canaveral,Crewed,N,98.0,18.0,58.0,38.0,90.0,44.0,67.0,8.060340311515844,9.615860150863684,SE,5.0,1.0,4.0,,2.0,1019,998.0,10:40,Snowy,Sample note 18
Rocket_19,2023-02-03,12:46,Kourou,Crewed,Y,71.0,32.0,51.5,62.0,95.0,47.0,71.0,1.0049635545575508,1.0489497678063664,N,45.0,2.0,45.0,,7.0,1022,1039.0,10:58,Stormy,Sample note 19
Rocket_20,2023-03-20,05:40,Baikonur Cosmodrome,Crewed,N,96.0,3.0,49.5,48.0,54.0,45.0,49.5,8.31497030667544,8.21621929766438,NE,91.0,6.0,31.0,,2.0,1031,1019.0,10:03,Rainy,Sample note 20
Rocket_21,2023-05-21,09:36,Cape Canaveral,Uncrewed,N,64.0,1.0,32.5,4.0,76.0,7.0,41.5,9.118422969547964,4.948263437532347,W,29.0,2.0,22.0,,6.0,1029,1035.0,10:37,Rainy,Sample note 21
Rocket_22,2022-10-22,11:25,Cape Canaveral,Crewed,Y,79.0,16.0,47.5,64.0,94.0,3.0,48.5,9.872198556811158,8.544963277552927,S,70.0,9.0,14.0,,8.0,1034,1001.0,14:25,Rainy,Sample note 22
Rocket_23,2023-04-04,18:58,Kourou,Uncrewed,Y,61.0,1.0,31.0,34.0,70.0,23.0,46.5,8.217287329623963,6.891678671323307,E,16.0,4.0,14.0,,6.0,1042,1023.0,11:42,Clear,Sample note 23
Rocket_24,2023-07-06,04:32,Kourou,Uncrewed,Y,66.0,32.0,49.0,56.0,71.0,25.0,48.0,1.0597504691211137,5.054217781668891,NE,46.0,5.0,17.0,,8.0,998,1003.0,12:43,Stormy,Sample note 24
Rocket_25,2023-09-04,08:43,Cape Canaveral,Crewed,Y,60.0,18.0,39.0,35.0,82.0,17.0,49.5,4.0463569790376175,8.879793785025953,E,76.0,2.0,72.0,,3.0,1029,1030.0,10:22,Rainy,Sample note 25
Rocket_26,2023-05-28,21:30,Kourou,Uncrewed,N,96.0,44.0,70.0,88.0,74.0,31.0,52.5,3.483816721979461,4.145988018930151,NE,58.0,8.0,10.0,,3.0,994,1022.0,11:43,Stormy,Sample note 26
Rocket_27,2023-07-14,04:26,Baikonur Cosmodrome,Crewed,N,96.0,44.0,70.0,74.0,90.0,39.0,64.5,8.911623890799115,2.1603019684154354,SW,9.0,9.0,4.0,,9.0,1027,993.0,12:05,Clear,Sample note 27
Rocket_28,2022-11-21,21:54,Vandenberg AFB,Uncrewed,Y,91.0,43.0,67.0,78.0,87.0,21.0,54.0,1.055388072576957,8.063950119848206,SW,99.0,4.0,25.0,,9.0,991,1048.0,13:57,Stormy,Sample note 28
Rocket_29,2022-12-22,15:40,Vandenberg AFB,Uncrewed,Y,75.0,46.0,60.5,63.0,83.0,33.0,58.0,3.767458135767441,2.125036695522015,NW,55.0,9.0,15.0,,2.0,1013,996.0,12:34,Foggy,Sample note 29
Rocket_30,2023-03-26,13:48,Kourou,Crewed,Y,79.0,18.0,48.5,62.0,94.0,42.0,68.0,7.264597399489015,0.0811757749260444,S,41.0,6.0,6.0,,9.0,1021,1002.0,11:42,Foggy,Sample note 30
Rocket_31,2022-11-19,12:03,Kourou,Crewed,N,55.0,6.0,30.5,46.0,63.0,24.0,43.5,4.505919223873233,9.483701479536892,E,90.0,7.0,5.0,,1.0,1010,992.0,11:05,Foggy,Sample note 31
Rocket_32,2022-10-16,17:29,Baikonur Cosmodrome,Crewed,N,81.0,10.0,45.5,63.0,54.0,27.0,40.5,0.8802248533915102,1.0871638849011434,NW,94.0,4.0,56.0,,10.0,1034,995.0,14:15,Foggy,Sample note 32
Rocket_33,2022-12-09,05:04,Kourou,Crewed,Y,64.0,21.0,42.5,56.0,90.0,40.0,65.0,9.6216977752125,4.46855522822484,N,24.0,3.0,18.0,,9.0,992,1008.0,10:36,Rainy,Sample note 33
Rocket_34,2022-10-20,10:24,Baikonur Cosmodrome,Uncrewed,Y,60.0,21.0,40.5,24.0,85.0,49.0,67.0,6.373707686752608,4.741419682510629,NW,80.0,3.0,51.0,,4.0,1024,1007.0,10:50,Stormy,Sample note 34
Rocket_35,2022-12-15,03:10,Cape Canaveral,Crewed,Y,63.0,21.0,42.0,21.0,58.0,1.0,29.5,9.673466769595937,3.846079184884847,S,84.0,6.0,52.0,,9.0,1045,1041.0,14:28,Foggy,Sample note 35
Rocket_36,2023-06-29,23:20,Cape Canaveral,Uncrewed,N,92.0,37.0,64.5,59.0,72.0,49.0,60.5,2.7159392617022906,6.246763541843712,N,45.0,6.0,18.0,,6.0,993,1026.0,14:47,Snowy,Sample note 36
Rocket_37,2023-01-16,20:35,Cape Canaveral,Uncrewed,Y,90.0,21.0,55.5,33.0,85.0,35.0,60.0,6.996589228066642,6.723616531667933,SW,69.0,1.0,9.0,,3.0,1015,1044.0,12:18,Cloudy,Sample note 37
Rocket_38,2023-07-16,15:41,Vandenberg AFB,Crewed,N,61.0,0.0,30.5,28.0,68.0,14.0,41.0,0.2715753241527829,2.9002535651025263,N,3.0,8.0,2.0,,4.0,998,1001.0,13:58,Rainy,Sample note 38
Rocket_39,2022-09-17,13:26,Cape Canaveral,Uncrewed,Y,95.0,46.0,70.5,59.0,87.0,25.0,56.0,8.621337698203956,1.6333144836163904,E,76.0,6.0,56.0,,7.0,1036,1017.0,13:23,Cloudy,Sample note 39
Rocket_40,2023-03-03,11:00,Cape Canaveral,Uncrewed,Y,68.0,3.0,35.5,46.0,71.0,2.0,36.5,8.511480933361481,1.7639166836744802,NW,44.0,3.0,28.0,,5.0,1014,1028.0,13:25,Clear,Sample note 40
Rocket_41,2022-12-20,23:56,Vandenberg AFB,Crewed,Y,96.0,8.0,52.0,82.0,65.0,49.0,57.0,4.236470965435208,5.925253201399472,SE,88.0,5.0,73.0,,3.0,1040,1019.0,11:02,Foggy,Sample note 41
Rocket_42,2023-08-23,22:48,Kourou,Crewed,N,55.0,5.0,30.0,6.0,97.0,14.0,55.5,1.7825303771050305,6.646677948260654,SE,94.0,6.0,22.0,,8.0,996,1020.0,10:03,Rainy,Sample note 42
Rocket_43,2023-07-30,09:01,Baikonur Cosmodrome,Uncrewed,N,66.0,46.0,56.0,51.0,59.0,45.0,52.0,6.521983233826381,9.726215347771896,E,65.0,7.0,10.0,,2.0,991,1029.0,14:47,Clear,Sample note 43
Rocket_44,2023-02-16,06:56,Baikonur Cosmodrome,Crewed,Y,56.0,20.0,38.0,29.0,57.0,11.0,34.0,9.728680246545904,9.787867453289522,SE,63.0,10.0,26.0,,8.0,1036,1043.0,11:29,Foggy,Sample note 44
Rocket_45,2022-11-19,08:53,Baikonur Cosmodrome,Crewed,N,70.0,13.0,41.5,50.0,100.0,47.0,73.5,1.5322093579961416,3.5113779420441062,W,19.0,6.0,3.0,,5.0,1038,1012.0,11:30,Snowy,Sample note 45
Rocket_46,2023-08-19,20:50,Vandenberg AFB,Uncrewed,Y,53.0,11.0,32.0,41.0,70.0,13.0,41.5,6.97684253904459,6.971526628784519,NE,73.0,2.0,30.0,,5.0,1004,1000.0,10:04,Cloudy,Sample note 46
Rocket_47,2022-12-18,02:35,Baikonur Cosmodrome,Uncrewed,N,96.0,47.0,71.5,78.0,53.0,22.0,37.5,5.852319723322381,8.34832729645324,N,13.0,2.0,6.0,,4.0,1002,1027.0,10:07,Snowy,Sample note 47
Rocket_48,2023-08-07,13:32,Kourou,Uncrewed,N,74.0,38.0,56.0,58.0,63.0,38.0,50.5,7.740677093434416,2.9251119475495657,S,85.0,2.0,10.0,,8.0,1001,1034.0,14:28,Snowy,Sample note 48
Rocket_49,2023-03-18,18:23,Kourou,Uncrewed,N,84.0,16.0,50.0,38.0,100.0,49.0,74.5,0.4278966045986387,5.752343662457212,NE,53.0,3.0,10.0,,2.0,1015,1047.0,13:37,Stormy,Sample note 49
Rocket_50,2023-09-09,02:08,Cape Canaveral,Uncrewed,Y,86.0,33.0,59.5,82.0,59.0,17.0,38.0,3.8939524638056655,6.343004689049647,S,46.0,9.0,23.0,,1.0,992,1047.0,11:16,Snowy,Sample note 50
Rocket_51,2023-07-21,14:09,Cape Canaveral,Uncrewed,Y,91.0,20.0,55.5,46.0,56.0,40.0,48.0,9.608194940887593,8.968617278181837,SE,35.0,2.0,0.0,,8.0,1046,1038.0,12:47,Snowy,Sample note 51
Rocket_52,2023-05-15,00:33,Cape Canaveral,Uncrewed,Y,75.0,46.0,60.5,67.0,61.0,2.0,31.5,3.5122731195918258,0.0854354826456127,S,17.0,4.0,5.0,,10.0,1011,1023.0,10:23,Clear,Sample note 52
Rocket_53,2023-03-15,05:53,Kourou,Uncrewed,Y,87.0,45.0,66.0,61.0,84.0,40.0,62.0,2.6508421635778467,8.7848828955488,SE,53.0,7.0,0.0,,2.0,1042,1028.0,12:15,Snowy,Sample note 53
Rocket_54,2022-10-26,11:44,Kourou,Uncrewed,Y,59.0,39.0,49.0,55.0,77.0,9.0,43.0,4.532195103084863,6.282879908005161,N,76.0,3.0,22.0,,2.0,1045,1020.0,12:44,Cloudy,Sample note 54
Rocket_55,2022-10-19,07:16,Cape Canaveral,Uncrewed,N,59.0,4.0,31.5,27.0,61.0,41.0,51.0,1.220601782839854,7.595534301776401,E,41.0,1.0,28.0,,7.0,1034,1010.0,12:23,Clear,Sample note 55
Rocket_56,2023-08-15,18:52,Cape Canaveral,Crewed,N,85.0,21.0,53.0,31.0,74.0,28.0,51.0,9.323046335012371,6.68339741642701,SW,72.0,6.0,11.0,,2.0,1017,1010.0,11:29,Cloudy,Sample note 56
Rocket_57,2022-10-28,13:09,Baikonur Cosmodrome,Crewed,Y,97.0,34.0,65.5,69.0,62.0,33.0,47.5,0.2936139240264657,2.665750538997015,N,27.0,1.0,9.0,,9.0,1033,1009.0,11:11,Snowy,Sample note 57
Rocket_58,2022-11-09,05:36,Kourou,Uncrewed,N,99.0,44.0,71.5,48.0,85.0,40.0,62.5,4.878542287642274,0.5105214538793135,S,75.0,9.0,55.0,,1.0,1050,995.0,13:54,Stormy,Sample note 58
Rocket_59,2022-11-07,00:49,Baikonur Cosmodrome,Crewed,N,86.0,48.0,67.0,57.0,79.0,20.0,49.5,8.710982033628781,1.56540397886604,NE,89.0,7.0,22.0,,8.0,995,993.0,13:40,Foggy,Sample note 59
Rocket_60,2023-02-15,02:10,Baikonur Cosmodrome,Uncrewed,N,96.0,23.0,59.5,60.0,89.0,16.0,52.5,8.104810127299215,0.4483832762725326,S,64.0,8.0,23.0,,8.0,1028,1001.0,10:57,Cloudy,Sample note 60
Rocket_61,2022-12-30,20:58,Kourou,Uncrewed,N,80.0,21.0,50.5,48.0,99.0,24.0,61.5,7.789669502001387,8.072738995122071,N,9.0,5.0,5.0,,10.0,1043,1039.0,12:56,Rainy,Sample note 61
Rocket_62,2023-03-12,22:58,Baikonur Cosmodrome,Crewed,Y,74.0,40.0,57.0,61.0,97.0,34.0,65.5,4.211861472556095,6.110704815500629,SE,30.0,10.0,23.0,,2.0,1038,1038.0,12:03,Clear,Sample note 62
Rocket_63,2023-07-12,21:07,Cape Canaveral,Uncrewed,Y,79.0,34.0,56.5,52.0,83.0,12.0,47.5,0.1336873072617406,0.2424987942053869,SW,77.0,2.0,22.0,,9.0,1041,1031.0,10:16,Snowy,Sample note 63
Rocket_64,2022-11-25,18:53,Kourou,Crewed,N,84.0,38.0,61.0,55.0,90.0,14.0,52.0,1.7146141752242816,7.893714500833193,N,65.0,10.0,9.0,,8.0,1004,1040.0,11:27,Snowy,Sample note 64
Rocket_65,2023-04-02,23:07,Cape Canaveral,Uncrewed,N,99.0,19.0,59.0,28.0,69.0,14.0,41.5,8.014263219435815,5.552639927004044,E,36.0,5.0,28.0,,6.0,1034,1019.0,11:36,Rainy,Sample note 65
Rocket_66,2022-12-22,13:40,Baikonur Cosmodrome,Uncrewed,N,83.0,35.0,59.0,71.0,74.0,9.0,41.5,1.149106929559237,3.823182549260801,NE,97.0,8.0,79.0,,9.0,1022,999.0,10:15,Rainy,Sample note 66
Rocket_67,2023-07-06,22:30,Vandenberg AFB,Uncrewed,N,69.0,43.0,56.0,46.0,71.0,25.0,48.0,5.247167068695983,6.690995595217934,SW,30.0,9.0,13.0,,8.0,1021,1007.0,10:04,Snowy,Sample note 67
Rocket_68,2023-04-07,14:21,Cape Canaveral,Crewed,N,76.0,37.0,56.5,67.0,54.0,14.0,34.0,6.596978185672745,3.173201746430979,NE,70.0,7.0,17.0,,1.0,1001,1031.0,10:19,Foggy,Sample note 68
Rocket_69,2022-12-15,09:14,Kourou,Uncrewed,Y,79.0,36.0,57.5,62.0,92.0,29.0,60.5,5.69860564459609,7.37831642317005,NW,41.0,5.0,4.0,,2.0,1046,1032.0,11:35,Foggy,Sample note 69
Rocket_70,2023-03-31,13:42,Cape Canaveral,Uncrewed,Y,56.0,28.0,42.0,28.0,50.0,33.0,41.5,4.951517086661297,0.9229076960652028,E,28.0,7.0,7.0,,8.0,997,1030.0,12:37,Clear,Sample note 70
Rocket_71,2022-09-30,17:35,Baikonur Cosmodrome,Crewed,N,99.0,40.0,69.5,49.0,71.0,21.0,46.0,5.638434448953923,3.9348585836330496,N,98.0,10.0,33.0,,9.0,1009,1041.0,12:30,Cloudy,Sample note 71
Rocket_72,2023-04-09,20:33,Vandenberg AFB,Uncrewed,N,81.0,33.0,57.0,33.0,87.0,42.0,64.5,5.05726412545851,5.700070851639376,E,41.0,7.0,19.0,,4.0,1048,1038.0,11:30,Stormy,Sample note 72
Rocket_73,2023-07-23,16:39,Kourou,Uncrewed,N,77.0,47.0,62.0,69.0,60.0,3.0,31.5,9.061475473816742,9.332214123980227,NE,14.0,10.0,3.0,,8.0,1015,1031.0,11:37,Snowy,Sample note 73
Rocket_74,2023-07-16,21:39,Cape Canaveral,Uncrewed,Y,60.0,26.0,43.0,35.0,90.0,4.0,47.0,8.060340978400456,2.1081942563962706,N,35.0,6.0,25.0,,4.0,991,1042.0,12:09,Clear,Sample note 74
Rocket_75,2022-11-20,00:51,Vandenberg AFB,Crewed,N,93.0,38.0,65.5,86.0,59.0,36.0,47.5,1.9586057339278684,5.513205218262033,SE,29.0,10.0,20.0,,4.0,1040,1016.0,12:40,Stormy,Sample note 75
Rocket_76,2023-03-10,13:59,Baikonur Cosmodrome,Uncrewed,Y,83.0,3.0,43.0,40.0,62.0,32.0,47.0,5.421755104698063,6.713502347315363,NW,22.0,5.0,10.0,,2.0,1041,1047.0,12:52,Clear,Sample note 76
Rocket_77,2023-01-07,23:56,Cape Canaveral,Uncrewed,N,98.0,10.0,54.0,90.0,82.0,20.0,51.0,8.009055839870552,9.27152672755042,N,8.0,10.0,3.0,,5.0,997,1016.0,11:26,Rainy,Sample note 77
Rocket_78,2022-11-10,16:50,Kourou,Crewed,Y,94.0,1.0,47.5,16.0,99.0,33.0,66.0,9.807319422715384,4.482150529182402,NW,78.0,7.0,49.0,,4.0,1025,1015.0,11:01,Rainy,Sample note 78
Rocket_79,2023-08-31,20:12,Baikonur Cosmodrome,Crewed,Y,97.0,42.0,69.5,45.0,85.0,45.0,65.0,4.344502934038723,7.057003611133363,NW,76.0,8.0,61.0,,6.0,997,1048.0,11:55,Foggy,Sample note 79
Rocket_80,2023-04-14,09:07,Kourou,Uncrewed,Y,95.0,26.0,60.5,82.0,92.0,18.0,55.0,0.1103611455208075,7.642054681697534,SE,96.0,4.0,41.0,,3.0,1038,1028.0,11:17,Snowy,Sample note 80
Rocket_81,2022-09-28,18:53,Vandenberg AFB,Uncrewed,Y,59.0,16.0,37.5,58.0,86.0,3.0,44.5,9.234952248844374,5.229064328227842,NE,30.0,4.0,6.0,,10.0,1024,1000.0,14:28,Cloudy,Sample note 81
Rocket_82,2023-08-10,23:30,Vandenberg AFB,Uncrewed,N,80.0,13.0,46.5,25.0,95.0,15.0,55.0,0.5108395923613729,7.25300296303646,SE,36.0,2.0,3.0,,2.0,1029,1042.0,12:48,Snowy,Sample note 82
Rocket_83,2023-08-29,04:03,Vandenberg AFB,Crewed,N,93.0,6.0,49.5,34.0,98.0,33.0,65.5,6.835002383906739,7.051137449221229,NE,74.0,9.0,35.0,,1.0,1029,1049.0,11:45,Cloudy,Sample note 83
Rocket_84,2022-12-22,03:02,Vandenberg AFB,Crewed,N,68.0,18.0,43.0,45.0,66.0,5.0,35.5,4.747309000743566,3.501745217285758,NW,100.0,5.0,71.0,,5.0,992,1030.0,13:42,Cloudy,Sample note 84
Rocket_85,2023-07-29,04:23,Baikonur Cosmodrome,Crewed,N,87.0,24.0,55.5,74.0,74.0,16.0,45.0,7.29350785060181,6.4759490086173965,N,100.0,8.0,58.0,,3.0,1030,1015.0,13:29,Foggy,Sample note 85
Rocket_86,2023-07-27,12:48,Vandenberg AFB,Crewed,Y,87.0,6.0,46.5,53.0,82.0,19.0,50.5,2.1244458835110622,7.879124773141721,S,16.0,9.0,5.0,,1.0,1033,1042.0,12:28,Rainy,Sample note 86
Rocket_87,2023-07-24,08:47,Kourou,Uncrewed,Y,86.0,46.0,66.0,57.0,65.0,20.0,42.5,1.231636861568276,5.434046313011656,S,77.0,7.0,10.0,,4.0,1010,1041.0,13:51,Stormy,Sample note 87
Rocket_88,2023-03-20,04:57,Kourou,Crewed,N,51.0,37.0,44.0,43.0,70.0,13.0,41.5,5.442966031102694,4.024974955585268,SW,30.0,1.0,27.0,,6.0,1031,1034.0,10:31,Clear,Sample note 88
Rocket_89,2023-01-09,19:15,Vandenberg AFB,Crewed,N,63.0,3.0,33.0,59.0,50.0,15.0,32.5,7.905746717332281,5.368020224333064,SW,34.0,2.0,20.0,,2.0,1045,1040.0,12:33,Stormy,Sample note 89
Rocket_90,2023-01-08,07:04,Cape Canaveral,Crewed,Y,82.0,40.0,61.0,63.0,97.0,39.0,68.0,1.8413607844307835,1.35088614433988,S,44.0,3.0,6.0,,8.0,1023,994.0,12:01,Clear,Sample note 90
Rocket_91,2023-05-06,08:26,Kourou,Uncrewed,N,91.0,44.0,67.5,46.0,62.0,41.0,51.5,4.206382122891031,3.683893010841206,NE,71.0,7.0,29.0,,8.0,1017,1010.0,14:05,Rainy,Sample note 91
Rocket_92,2022-11-05,14:54,Kourou,Crewed,Y,65.0,11.0,38.0,47.0,87.0,33.0,60.0,7.028294659548794,3.447625234210019,N,89.0,9.0,66.0,,4.0,1030,1038.0,13:54,Cloudy,Sample note 92
Rocket_93,2022-09-28,05:34,Baikonur Cosmodrome,Crewed,Y,73.0,24.0,48.5,70.0,72.0,19.0,45.5,1.4305002662255184,8.709001790354506,SE,30.0,8.0,13.0,,6.0,1016,1049.0,11:07,Snowy,Sample note 93
Rocket_94,2022-09-22,00:07,Cape Canaveral,Uncrewed,Y,79.0,28.0,53.5,63.0,84.0,1.0,42.5,5.599856452684523,1.5248450165941885,NE,54.0,4.0,14.0,,9.0,1001,1021.0,12:43,Rainy,Sample note 94
Rocket_95,2023-09-05,18:18,Kourou,Crewed,N,85.0,14.0,49.5,32.0,79.0,20.0,49.5,8.116184771268758,4.007604512938827,N,46.0,1.0,10.0,,7.0,1009,1039.0,12:00,Rainy,Sample note 95
Rocket_96,2022-11-18,01:00,Kourou,Crewed,Y,55.0,45.0,50.0,51.0,54.0,30.0,42.0,8.593475819287587,6.022715545241917,S,90.0,2.0,55.0,,7.0,1044,1033.0,11:53,Snowy,Sample note 96
Rocket_97,2022-09-27,02:02,Vandenberg AFB,Crewed,Y,50.0,45.0,47.5,49.0,78.0,32.0,55.0,8.066042014008572,2.796923533687691,NW,2.0,5.0,2.0,,10.0,1046,1027.0,14:43,Clear,Sample note 97
Rocket_98,2022-09-12,20:28,Cape Canaveral,Crewed,Y,89.0,48.0,68.5,54.0,92.0,43.0,67.5,2.670086707527917,9.434028152079708,S,38.0,8.0,14.0,,7.0,1039,994.0,14:32,Snowy,Sample note 98
Rocket_99,2023-03-19,00:05,Vandenberg AFB,Crewed,N,100.0,23.0,61.5,40.0,53.0,0.0,26.5,9.289415976278812,0.1655853813643826,SE,12.0,6.0,3.0,,7.0,1045,998.0,14:37,Stormy,Sample note 99
Rocket_100,2022-09-28,03:25,Vandenberg AFB,Crewed,N,79.0,5.0,42.0,55.0,62.0,27.0,44.5,4.019178780026693,6.653511571744232,E,2.0,5.0,0.0,,6.0,1044,1038.0,10:22,Snowy,Sample note 100
Rocket_101,2022-09-16,05:04,Kourou,Crewed,N,76.0,27.0,51.5,38.0,65.0,27.0,46.0,1.143340688745047,9.539704593137929,SW,90.0,4.0,36.0,,6.0,991,1047.0,11:32,Cloudy,Sample note 101
Rocket_102,2022-12-27,09:31,Cape Canaveral,Crewed,Y,72.0,28.0,50.0,57.0,98.0,2.0,50.0,7.934419257689681,3.8434599056674754,SW,65.0,5.0,7.0,,10.0,1031,1012.0,10:44,Foggy,Sample note 102
Rocket_103,2022-12-16,21:21,Baikonur Cosmodrome,Crewed,N,57.0,25.0,41.0,48.0,91.0,16.0,53.5,9.189224039662616,2.246480900998933,E,17.0,6.0,9.0,,6.0,1031,993.0,13:59,Clear,Sample note 103
Rocket_104,2023-02-07,09:55,Baikonur Cosmodrome,Crewed,N,72.0,6.0,39.0,6.0,66.0,22.0,44.0,8.287902467002821,0.9325299536757624,SE,92.0,10.0,25.0,,5.0,1021,1041.0,10:27,Clear,Sample note 104
Rocket_105,2022-11-04,12:58,Vandenberg AFB,Uncrewed,N,81.0,27.0,54.0,30.0,68.0,18.0,43.0,4.422616622136959,1.4581548259433397,N,64.0,5.0,59.0,,4.0,1036,1045.0,13:34,Foggy,Sample note 105
Rocket_106,2022-12-12,22:41,Baikonur Cosmodrome,Uncrewed,N,77.0,43.0,60.0,44.0,62.0,40.0,51.0,4.683291491334854,7.084688334336518,NE,12.0,5.0,6.0,,4.0,1007,1033.0,11:19,Rainy,Sample note 106
Rocket_107,2023-08-08,08:41,Cape Canaveral,Crewed,Y,78.0,7.0,42.5,39.0,59.0,33.0,46.0,7.671419614712768,9.261146419010348,NW,12.0,6.0,10.0,,6.0,1009,994.0,14:58,Clear,Sample note 107
Rocket_108,2023-08-31,07:31,Baikonur Cosmodrome,Crewed,N,80.0,6.0,43.0,6.0,53.0,28.0,40.5,6.362329664214796,6.317295964857024,NE,38.0,4.0,10.0,,5.0,1033,1034.0,11:33,Rainy,Sample note 108
Rocket_109,2023-05-22,15:59,Vandenberg AFB,Crewed,Y,91.0,15.0,53.0,35.0,81.0,33.0,57.0,3.968145679967314,7.807278272267669,W,44.0,5.0,3.0,,8.0,1044,1028.0,11:40,Snowy,Sample note 109
Rocket_110,2023-08-30,07:47,Kourou,Crewed,N,84.0,26.0,55.0,38.0,58.0,49.0,53.5,1.116998311668156,2.9868293990122563,S,73.0,3.0,16.0,,8.0,1033,1005.0,12:46,Foggy,Sample note 110
Rocket_111,2023-05-16,02:38,Baikonur Cosmodrome,Crewed,Y,68.0,25.0,46.5,50.0,78.0,23.0,50.5,3.060231561405391,7.704250315929064,SE,85.0,5.0,17.0,,1.0,1006,1017.0,11:00,Snowy,Sample note 111
Rocket_112,2023-02-25,04:41,Baikonur Cosmodrome,Crewed,N,60.0,21.0,40.5,23.0,86.0,14.0,50.0,9.814301383554096,0.3907321682869868,E,30.0,9.0,23.0,,2.0,1033,1005.0,13:23,Clear,Sample note 112
Rocket_113,2022-10-17,15:29,Kourou,Uncrewed,N,64.0,31.0,47.5,49.0,98.0,48.0,73.0,6.729966633957768,4.292952626045018,SW,79.0,4.0,69.0,,4.0,1007,1005.0,11:38,Clear,Sample note 113
Rocket_114,2023-01-27,22:07,Kourou,Uncrewed,Y,93.0,19.0,56.0,19.0,82.0,19.0,50.5,2.7206965744334437,9.79710456885432,NE,97.0,5.0,12.0,,7.0,1020,1040.0,11:45,Snowy,Sample note 114
Rocket_115,2023-05-09,00:13,Vandenberg AFB,Crewed,Y,59.0,28.0,43.5,43.0,53.0,16.0,34.5,3.2173131101413777,5.82120858796642,NE,88.0,10.0,55.0,,4.0,994,1026.0,12:46,Rainy,Sample note 115
Rocket_116,2022-11-03,05:21,Cape Canaveral,Crewed,N,70.0,5.0,37.5,6.0,98.0,15.0,56.5,1.938715321224842,8.02807128135349,E,84.0,5.0,4.0,,8.0,999,1032.0,12:21,Cloudy,Sample note 116
Rocket_117,2023-02-19,14:27,Kourou,Uncrewed,Y,60.0,47.0,53.5,60.0,59.0,12.0,35.5,5.868514601615277,3.946355653923691,SE,35.0,4.0,25.0,,10.0,994,1014.0,12:20,Foggy,Sample note 117
Rocket_118,2022-10-09,00:44,Kourou,Uncrewed,Y,57.0,19.0,38.0,41.0,62.0,12.0,37.0,9.867613857081247,8.201684035867347,NW,67.0,10.0,27.0,,10.0,1009,996.0,14:02,Stormy,Sample note 118
Rocket_119,2022-09-18,14:28,Kourou,Crewed,Y,89.0,21.0,55.0,56.0,56.0,5.0,30.5,3.5970674820912985,7.336140359762896,E,25.0,5.0,16.0,,8.0,995,999.0,10:05,Rainy,Sample note 119
Rocket_120,2023-02-26,00:08,Vandenberg AFB,Uncrewed,Y,93.0,22.0,57.5,92.0,55.0,29.0,42.0,0.1224202123431661,0.1870164352635817,S,28.0,10.0,13.0,,6.0,1034,1005.0,14:50,Foggy,Sample note 120
Rocket_121,2023-04-23,02:00,Baikonur Cosmodrome,Uncrewed,N,92.0,25.0,58.5,39.0,86.0,4.0,45.0,6.47796277357422,2.933702887450461,NE,75.0,1.0,37.0,,7.0,1045,1045.0,11:55,Foggy,Sample note 121
Rocket_122,2023-08-15,04:42,Cape Canaveral,Crewed,N,84.0,36.0,60.0,51.0,84.0,1.0,42.5,4.343655344340505,3.810822431749543,NE,53.0,2.0,41.0,,9.0,1020,1009.0,10:48,Stormy,Sample note 122
Rocket_123,2022-12-02,23:31,Baikonur Cosmodrome,Uncrewed,N,93.0,26.0,59.5,71.0,97.0,17.0,57.0,6.726527043235693,9.442700468591426,SE,98.0,3.0,10.0,,9.0,1038,998.0,14:28,Stormy,Sample note 123
Rocket_124,2023-01-03,11:16,Vandenberg AFB,Uncrewed,N,80.0,28.0,54.0,52.0,69.0,22.0,45.5,6.214634800305905,4.6527197359912345,SW,16.0,7.0,6.0,,8.0,1036,1042.0,13:55,Cloudy,Sample note 124
Rocket_125,2022-09-10,11:36,Baikonur Cosmodrome,Uncrewed,Y,61.0,13.0,37.0,34.0,67.0,36.0,51.5,1.612830003950213,7.922945577470185,NW,76.0,6.0,64.0,,3.0,997,1005.0,11:38,Foggy,Sample note 125
Rocket_126,2022-10-08,19:28,Vandenberg AFB,Uncrewed,N,59.0,48.0,53.5,57.0,79.0,31.0,55.0,7.629176486025658,4.801904893759241,SE,4.0,3.0,1.0,,2.0,1046,1008.0,12:20,Foggy,Sample note 126
Rocket_127,2023-04-17,02:15,Vandenberg AFB,Crewed,N,88.0,40.0,64.0,75.0,88.0,17.0,52.5,6.657016092907151,5.860239042517257,E,39.0,6.0,36.0,,3.0,1021,1009.0,13:07,Snowy,Sample note 127
Rocket_128,2023-01-29,10:57,Cape Canaveral,Uncrewed,N,76.0,15.0,45.5,68.0,95.0,19.0,57.0,8.337937877411743,3.281528256498495,W,2.0,7.0,1.0,,10.0,1015,993.0,10:04,Snowy,Sample note 128
Rocket_129,2023-04-04,09:44,Cape Canaveral,Uncrewed,N,58.0,43.0,50.5,53.0,85.0,7.0,46.0,3.7711960273555247,7.928358324865873,NW,59.0,10.0,16.0,,10.0,1004,1030.0,14:55,Rainy,Sample note 129
Rocket_130,2023-02-19,03:34,Baikonur Cosmodrome,Uncrewed,Y,55.0,47.0,51.0,51.0,68.0,19.0,43.5,2.862788575038924,7.703137162747264,SE,73.0,3.0,67.0,,1.0,1022,1011.0,12:03,Snowy,Sample note 130
Rocket_131,2022-12-03,13:53,Baikonur Cosmodrome,Crewed,N,63.0,34.0,48.5,47.0,73.0,11.0,42.0,8.704830930437314,7.470405929290035,N,85.0,1.0,47.0,,9.0,1047,1004.0,11:21,Foggy,Sample note 131
Rocket_132,2022-12-14,19:46,Baikonur Cosmodrome,Crewed,Y,76.0,41.0,58.5,59.0,98.0,12.0,55.0,1.350038358272252,9.315144390519812,S,70.0,7.0,14.0,,7.0,1002,1045.0,10:26,Cloudy,Sample note 132
Rocket_133,2023-05-10,13:14,Kourou,Crewed,N,56.0,34.0,45.0,49.0,70.0,0.0,35.0,5.257411624552599,1.0175084071864604,SW,20.0,2.0,17.0,,1.0,1032,1004.0,14:31,Cloudy,Sample note 133
Rocket_134,2023-07-25,23:28,Kourou,Uncrewed,Y,70.0,44.0,57.0,66.0,76.0,38.0,57.0,7.140173203244959,8.819992163115073,SE,46.0,3.0,9.0,,4.0,1016,1025.0,14:17,Snowy,Sample note 134
Rocket_135,2023-06-04,22:39,Baikonur Cosmodrome,Uncrewed,N,85.0,26.0,55.5,50.0,86.0,37.0,61.5,0.7802646750616005,4.452303986025114,SE,76.0,7.0,68.0,,10.0,1047,1006.0,12:06,Foggy,Sample note 135
Rocket_136,2022-10-16,13:37,Baikonur Cosmodrome,Uncrewed,Y,57.0,24.0,40.5,44.0,51.0,16.0,33.5,2.013735421353695,7.432834160167387,NW,90.0,5.0,54.0,,6.0,1027,1008.0,12:42,Stormy,Sample note 136
Rocket_137,2023-02-18,18:08,Baikonur Cosmodrome,Crewed,Y,70.0,45.0,57.5,58.0,71.0,6.0,38.5,5.191945914883494,2.481403416695861,NE,33.0,8.0,11.0,,3.0,1049,1020.0,14:41,Foggy,Sample note 137
Rocket_138,2023-04-05,04:36,Kourou,Uncrewed,Y,92.0,2.0,47.0,76.0,64.0,25.0,44.5,3.3181756063971823,7.42323319163742,SE,73.0,10.0,71.0,,9.0,1026,1015.0,10:35,Stormy,Sample note 138
Rocket_139,2023-03-14,20:37,Cape Canaveral,Crewed,Y,63.0,4.0,33.5,21.0,68.0,45.0,56.5,8.797584587188789,9.135821555578795,N,79.0,9.0,43.0,,3.0,1021,1019.0,14:21,Clear,Sample note 139
Rocket_140,2023-07-08,19:26,Cape Canaveral,Crewed,N,95.0,17.0,56.0,19.0,84.0,49.0,66.5,0.2494480428496348,1.0761576128251826,N,11.0,2.0,3.0,,3.0,1045,1014.0,14:07,Stormy,Sample note 140
Rocket_141,2022-09-25,14:55,Cape Canaveral,Uncrewed,N,66.0,5.0,35.5,5.0,67.0,43.0,55.0,2.29593544325293,6.138997826916301,SE,69.0,9.0,39.0,,10.0,992,1005.0,11:14,Stormy,Sample note 141
Rocket_142,2023-04-25,21:28,Kourou,Uncrewed,Y,82.0,21.0,51.5,51.0,99.0,17.0,58.0,3.313892702891189,7.221005134989573,W,31.0,4.0,29.0,,10.0,1016,1010.0,14:41,Clear,Sample note 142
Rocket_143,2022-10-17,22:06,Baikonur Cosmodrome,Crewed,N,74.0,47.0,60.5,56.0,57.0,9.0,33.0,7.335925949725016,8.715328195092937,SE,5.0,4.0,2.0,,6.0,1045,1000.0,13:44,Cloudy,Sample note 143
Rocket_144,2022-10-03,15:39,Cape Canaveral,Uncrewed,N,75.0,33.0,54.0,37.0,55.0,14.0,34.5,9.622830752608586,3.4273405785049658,W,71.0,4.0,52.0,,3.0,994,1028.0,12:02,Stormy,Sample note 144
Rocket_145,2023-01-30,01:45,Vandenberg AFB,Uncrewed,N,77.0,26.0,51.5,53.0,52.0,16.0,34.0,6.04430470735209,2.253612064602668,NE,77.0,8.0,16.0,,9.0,1033,1024.0,13:11,Rainy,Sample note 145
Rocket_146,2022-09-10,02:39,Cape Canaveral,Crewed,Y,97.0,1.0,49.0,14.0,93.0,9.0,51.0,2.3916379424148104,4.261712853543638,W,81.0,5.0,32.0,,6.0,1008,993.0,11:27,Foggy,Sample note 146
Rocket_147,2023-05-30,21:16,Vandenberg AFB,Uncrewed,N,81.0,13.0,47.0,25.0,51.0,41.0,46.0,3.839391915321468,3.080183146394898,E,46.0,10.0,22.0,,10.0,994,1030.0,10:21,Foggy,Sample note 147
Rocket_148,2023-01-22,05:00,Baikonur Cosmodrome,Crewed,N,76.0,31.0,53.5,67.0,56.0,42.0,49.0,4.646557551337692,9.266506081508693,SW,59.0,6.0,38.0,,8.0,1021,1016.0,14:38,Stormy,Sample note 148
Rocket_149,2023-04-17,18:23,Kourou,Crewed,Y,79.0,4.0,41.5,52.0,84.0,2.0,43.0,2.192201451138649,4.506098924701414,S,44.0,5.0,20.0,,7.0,1004,1016.0,14:12,Stormy,Sample note 149
Rocket_150,2022-09-15,18:43,Vandenberg AFB,Crewed,N,92.0,38.0,65.0,71.0,85.0,4.0,44.5,2.328752928220992,7.843425964413777,E,13.0,8.0,9.0,,4.0,1010,994.0,11:54,Snowy,Sample note 150
Rocket_151,2023-01-22,12:14,Kourou,Uncrewed,N,93.0,31.0,62.0,93.0,61.0,49.0,55.0,7.271146105170549,3.711554665810729,S,4.0,6.0,1.0,,10.0,1018,1003.0,14:37,Rainy,Sample note 151
Rocket_152,2022-11-15,14:45,Baikonur Cosmodrome,Uncrewed,Y,65.0,29.0,47.0,52.0,75.0,0.0,37.5,3.7653527132307154,7.4417806081902915,SW,41.0,9.0,39.0,,1.0,1005,1026.0,10:31,Stormy,Sample note 152
Rocket_153,2022-11-02,23:29,Kourou,Uncrewed,Y,85.0,47.0,66.0,80.0,69.0,9.0,39.0,0.5364060623403921,4.103233108528235,S,96.0,9.0,9.0,,5.0,994,995.0,10:50,Cloudy,Sample note 153
Rocket_154,2022-12-21,17:37,Vandenberg AFB,Uncrewed,Y,100.0,38.0,69.0,49.0,70.0,30.0,50.0,2.540295796435277,2.070319397557119,N,84.0,7.0,10.0,,8.0,1040,1040.0,10:35,Snowy,Sample note 154
Rocket_155,2023-09-09,23:07,Vandenberg AFB,Crewed,N,97.0,34.0,65.5,62.0,60.0,15.0,37.5,7.679513327711934,3.82958964910056,W,98.0,7.0,91.0,,9.0,1033,1026.0,10:20,Cloudy,Sample note 155
Rocket_156,2023-01-12,21:01,Baikonur Cosmodrome,Uncrewed,N,100.0,22.0,61.0,55.0,77.0,13.0,45.0,6.8020358442443705,5.568171712025435,SE,30.0,6.0,12.0,,6.0,1049,1002.0,14:23,Snowy,Sample note 156
Rocket_157,2023-08-11,02:07,Cape Canaveral,Crewed,Y,98.0,30.0,64.0,39.0,68.0,6.0,37.0,4.119451432935764,5.402784592382059,S,37.0,3.0,9.0,,7.0,1020,1035.0,10:23,Snowy,Sample note 157
Rocket_158,2022-10-05,04:02,Vandenberg AFB,Uncrewed,N,97.0,44.0,70.5,84.0,75.0,4.0,39.5,6.611722617453534,3.291768221814505,NE,18.0,5.0,7.0,,3.0,1045,1042.0,12:05,Snowy,Sample note 158
Rocket_159,2023-05-09,15:27,Vandenberg AFB,Crewed,N,72.0,35.0,53.5,46.0,52.0,5.0,28.5,3.7893563493984574,6.447476513707877,NE,61.0,4.0,10.0,,6.0,1035,1001.0,13:30,Foggy,Sample note 159
Rocket_160,2023-05-29,06:05,Baikonur Cosmodrome,Uncrewed,Y,92.0,44.0,68.0,73.0,62.0,29.0,45.5,6.581240690961806,2.1697866113865363,E,86.0,10.0,8.0,,3.0,1028,1023.0,10:16,Stormy,Sample note 160
Rocket_161,2022-11-05,10:41,Cape Canaveral,Crewed,N,58.0,9.0,33.5,38.0,87.0,1.0,44.0,2.385191686000677,0.5566703797982475,NW,7.0,8.0,7.0,,8.0,1023,1026.0,12:35,Clear,Sample note 161
Rocket_162,2023-06-18,03:43,Cape Canaveral,Uncrewed,Y,97.0,36.0,66.5,45.0,94.0,25.0,59.5,5.483034910164611,5.918445344677151,E,89.0,5.0,14.0,,3.0,1050,1045.0,12:47,Rainy,Sample note 162
Rocket_163,2023-01-08,17:47,Vandenberg AFB,Uncrewed,Y,71.0,47.0,59.0,51.0,72.0,48.0,60.0,3.187092579571762,2.7609281940461727,S,65.0,8.0,42.0,,9.0,1030,998.0,14:23,Snowy,Sample note 163
Rocket_164,2023-08-23,00:32,Baikonur Cosmodrome,Uncrewed,Y,60.0,41.0,50.5,53.0,53.0,1.0,27.0,8.759918899114234,0.9910615975574087,NW,48.0,8.0,39.0,,4.0,1011,1037.0,13:25,Stormy,Sample note 164
Rocket_165,2022-10-31,05:13,Baikonur Cosmodrome,Crewed,Y,62.0,29.0,45.5,32.0,87.0,18.0,52.5,4.70591197843471,8.194103896584604,E,67.0,9.0,1.0,,3.0,1039,1040.0,12:38,Stormy,Sample note 165
Rocket_166,2023-05-01,14:21,Cape Canaveral,Uncrewed,N,82.0,44.0,63.0,47.0,56.0,7.0,31.5,7.995591267042431,1.0747498382925258,SW,59.0,6.0,48.0,,8.0,1034,990.0,11:12,Rainy,Sample note 166
Rocket_167,2023-08-06,05:13,Baikonur Cosmodrome,Crewed,N,80.0,12.0,46.0,15.0,76.0,45.0,60.5,3.6109737055625537,5.404469190267433,SE,43.0,7.0,1.0,,6.0,999,1013.0,13:08,Rainy,Sample note 167
Rocket_168,2023-01-20,11:07,Vandenberg AFB,Crewed,N,60.0,11.0,35.5,32.0,82.0,21.0,51.5,3.824553341098845,3.758368543551149,S,93.0,1.0,14.0,,5.0,1011,1024.0,12:29,Cloudy,Sample note 168
Rocket_169,2023-05-17,21:43,Baikonur Cosmodrome,Crewed,N,94.0,2.0,48.0,93.0,64.0,5.0,34.5,9.5596945553399,9.098843305681914,NW,93.0,3.0,35.0,,10.0,1030,1043.0,14:04,Foggy,Sample note 169
Rocket_170,2023-03-10,01:06,Cape Canaveral,Crewed,N,79.0,48.0,63.5,59.0,85.0,3.0,44.0,8.839741831313034,8.109037110305685,S,27.0,2.0,6.0,,9.0,995,1044.0,11:02,Foggy,Sample note 170
Rocket_171,2023-06-01,04:32,Baikonur Cosmodrome,Uncrewed,N,80.0,26.0,53.0,58.0,57.0,32.0,44.5,0.0136736449126395,0.5985319538590328,S,32.0,3.0,12.0,,10.0,1029,999.0,12:27,Rainy,Sample note 171
Rocket_172,2023-02-27,14:36,Baikonur Cosmodrome,Uncrewed,Y,71.0,44.0,57.5,46.0,53.0,27.0,40.0,8.619264264913328,0.2854457259023035,NE,97.0,1.0,16.0,,3.0,1021,990.0,14:30,Foggy,Sample note 172
Rocket_173,2023-08-30,03:58,Vandenberg AFB,Crewed,N,65.0,39.0,52.0,59.0,80.0,7.0,43.5,8.995554308704675,4.913843500541942,SE,73.0,1.0,57.0,,10.0,1022,1034.0,10:35,Cloudy,Sample note 173
Rocket_174,2022-10-15,10:41,Kourou,Uncrewed,Y,71.0,31.0,51.0,48.0,53.0,21.0,37.0,5.008907125116799,8.681114201536866,N,62.0,9.0,43.0,,10.0,1004,1006.0,11:43,Cloudy,Sample note 174
Rocket_175,2023-07-06,17:18,Cape Canaveral,Crewed,N,76.0,42.0,59.0,71.0,53.0,47.0,50.0,9.394682810431258,8.60366302194618,NE,88.0,5.0,42.0,,2.0,1019,998.0,14:17,Snowy,Sample note 175
Rocket_176,2022-10-13,06:13,Cape Canaveral,Crewed,N,54.0,7.0,30.5,19.0,97.0,36.0,66.5,2.989170308908136,0.0881018939885613,SW,24.0,8.0,24.0,,7.0,1001,995.0,10:26,Stormy,Sample note 176
Rocket_177,2023-05-27,08:58,Kourou,Uncrewed,Y,66.0,37.0,51.5,37.0,89.0,47.0,68.0,5.248144214452156,9.70262090461982,NW,45.0,5.0,41.0,,5.0,1031,1038.0,14:51,Stormy,Sample note 177
Rocket_178,2023-05-19,00:58,Kourou,Uncrewed,Y,76.0,17.0,46.5,38.0,90.0,9.0,49.5,3.177610389283441,0.2002105774160967,S,5.0,6.0,2.0,,5.0,1043,997.0,13:58,Clear,Sample note 178
Rocket_179,2023-08-16,03:38,Baikonur Cosmodrome,Uncrewed,N,66.0,16.0,41.0,54.0,53.0,34.0,43.5,3.162305157252898,4.991832528010583,E,78.0,7.0,36.0,,10.0,997,1050.0,13:03,Clear,Sample note 179
Rocket_180,2022-10-02,10:55,Kourou,Crewed,N,60.0,42.0,51.0,52.0,53.0,39.0,46.0,3.0037168142897066,3.102509223035008,S,40.0,5.0,36.0,,9.0,1008,990.0,12:20,Rainy,Sample note 180
Rocket_181,2022-10-03,14:10,Baikonur Cosmodrome,Uncrewed,N,83.0,20.0,51.5,79.0,100.0,36.0,68.0,1.6138033839860222,6.663595428421578,E,80.0,2.0,32.0,,1.0,1002,1005.0,10:59,Stormy,Sample note 181
Rocket_182,2023-06-25,13:42,Kourou,Crewed,Y,83.0,17.0,50.0,54.0,61.0,43.0,52.0,6.528237561756916,2.082613986653624,SE,55.0,7.0,46.0,,3.0,1015,1017.0,11:35,Rainy,Sample note 182
Rocket_183,2023-08-15,06:43,Kourou,Uncrewed,N,96.0,46.0,71.0,75.0,78.0,3.0,40.5,9.626783071772278,7.1616109181558505,W,51.0,2.0,0.0,,3.0,993,1035.0,13:57,Stormy,Sample note 183
Rocket_184,2023-06-01,14:11,Cape Canaveral,Crewed,N,91.0,3.0,47.0,35.0,77.0,44.0,60.5,0.0490914515858287,2.5384915502286134,NE,4.0,6.0,0.0,,7.0,1004,1008.0,11:09,Foggy,Sample note 184
Rocket_185,2023-04-25,13:36,Kourou,Uncrewed,Y,94.0,43.0,68.5,71.0,83.0,26.0,54.5,2.9440857193245984,0.6333326158592067,W,15.0,8.0,14.0,,9.0,1013,995.0,13:18,Foggy,Sample note 185
Rocket_186,2022-10-28,09:22,Vandenberg AFB,Uncrewed,N,60.0,5.0,32.5,37.0,80.0,40.0,60.0,9.58505098644935,8.560471352211572,S,44.0,1.0,2.0,,6.0,1006,1018.0,14:48,Stormy,Sample note 186
Rocket_187,2022-10-15,22:44,Vandenberg AFB,Uncrewed,Y,50.0,27.0,38.5,28.0,70.0,7.0,38.5,2.0350159865412865,6.643901256152668,SE,6.0,4.0,6.0,,9.0,1047,1036.0,13:28,Foggy,Sample note 187
Rocket_188,2023-04-16,06:19,Cape Canaveral,Uncrewed,N,67.0,3.0,35.0,44.0,67.0,1.0,34.0,0.6043230123147203,6.0228561651579575,SE,79.0,4.0,7.0,,3.0,999,1010.0,11:16,Cloudy,Sample note 188
Rocket_189,2023-08-23,17:39,Baikonur Cosmodrome,Crewed,Y,73.0,18.0,45.5,49.0,98.0,23.0,60.5,4.324225637093008,7.866721284490614,E,95.0,4.0,58.0,,1.0,1044,1033.0,14:31,Snowy,Sample note 189
Rocket_190,2022-11-25,09:06,Cape Canaveral,Uncrewed,Y,65.0,36.0,50.5,52.0,78.0,48.0,63.0,9.313346020602992,3.219552448451524,S,7.0,9.0,7.0,,5.0,1047,1047.0,11:41,Rainy,Sample note 190
Rocket_191,2023-07-18,03:59,Kourou,Crewed,N,51.0,42.0,46.5,44.0,82.0,44.0,63.0,3.0853179821807357,0.6949934536930669,N,34.0,2.0,6.0,,8.0,1003,1045.0,13:52,Cloudy,Sample note 191
Rocket_192,2023-07-27,01:43,Vandenberg AFB,Crewed,N,93.0,9.0,51.0,85.0,96.0,28.0,62.0,1.554753097070012,4.973340605353077,E,59.0,3.0,51.0,,3.0,1035,1014.0,12:57,Snowy,Sample note 192
Rocket_193,2023-05-05,20:13,Vandenberg AFB,Uncrewed,N,55.0,19.0,37.0,37.0,57.0,46.0,51.5,3.648226941414946,2.647892991164591,SE,51.0,8.0,39.0,,4.0,998,992.0,12:44,Clear,Sample note 193
Rocket_194,2022-11-04,16:55,Baikonur Cosmodrome,Crewed,Y,50.0,34.0,42.0,50.0,65.0,45.0,55.0,4.452857511054344,5.39718523043819,W,44.0,5.0,8.0,,8.0,1016,1023.0,12:40,Rainy,Sample note 194
Rocket_195,2022-09-10,15:45,Baikonur Cosmodrome,Crewed,Y,70.0,18.0,44.0,64.0,51.0,0.0,25.5,1.647879946565437,2.735054089293758,SW,32.0,1.0,0.0,,6.0,1001,1034.0,11:33,Stormy,Sample note 195
Rocket_196,2023-02-25,18:33,Baikonur Cosmodrome,Uncrewed,Y,57.0,45.0,51.0,45.0,83.0,35.0,59.0,3.391487489988702,0.655107942312223,W,0.0,8.0,0.0,,10.0,1008,1003.0,12:11,Foggy,Sample note 196
Rocket_197,2023-07-13,13:43,Kourou,Uncrewed,N,90.0,48.0,69.0,53.0,66.0,34.0,50.0,8.893217711043667,5.648107637670456,W,58.0,4.0,38.0,,6.0,1003,1026.0,12:21,Cloudy,Sample note 197
Rocket_198,2023-03-17,08:16,Vandenberg AFB,Uncrewed,N,73.0,40.0,56.5,69.0,79.0,9.0,44.0,9.297638094640266,1.6164323987720897,NW,74.0,2.0,63.0,,3.0,1012,1022.0,12:22,Rainy,Sample note 198
Rocket_199,2023-04-12,04:06,Kourou,Crewed,N,73.0,27.0,50.0,46.0,56.0,3.0,29.5,1.4773736988358963,6.722790579256602,W,54.0,8.0,23.0,,5.0,1035,1014.0,10:00,Snowy,Sample note 199
Rocket_200,2022-12-19,14:13,Vandenberg AFB,Uncrewed,Y,77.0,26.0,51.5,32.0,75.0,9.0,42.0,2.260342067173907,4.974445392654493,SE,25.0,10.0,16.0,,1.0,1003,1044.0,14:09,Snowy,Sample note 200
Rocket_201,2023-05-07,00:32,Vandenberg AFB,Uncrewed,Y,94.0,48.0,71.0,68.0,74.0,15.0,44.5,9.396357556617714,8.009962804806282,S,8.0,10.0,3.0,,10.0,1036,1009.0,12:20,Rainy,Sample note 201
Rocket_202,2023-02-27,20:13,Cape Canaveral,Uncrewed,N,98.0,9.0,53.5,88.0,85.0,16.0,50.5,9.38713539263989,3.9405700580975833,W,34.0,4.0,24.0,,1.0,1037,1049.0,14:57,Cloudy,Sample note 202
Rocket_203,2023-02-09,05:47,Baikonur Cosmodrome,Crewed,N,56.0,19.0,37.5,30.0,62.0,32.0,47.0,2.388543764135126,7.866796966754866,N,91.0,7.0,45.0,,7.0,992,1008.0,13:35,Cloudy,Sample note 203
Rocket_204,2023-03-12,21:20,Baikonur Cosmodrome,Crewed,Y,71.0,21.0,46.0,66.0,90.0,29.0,59.5,7.22552538553213,7.463958138371842,N,44.0,4.0,38.0,,4.0,1002,1032.0,10:19,Clear,Sample note 204
Rocket_205,2022-12-16,03:26,Vandenberg AFB,Uncrewed,N,73.0,24.0,48.5,37.0,54.0,16.0,35.0,7.693547859876839,0.5702262439946926,NE,28.0,8.0,6.0,,10.0,1004,1047.0,12:21,Rainy,Sample note 205
Rocket_206,2023-03-12,13:39,Kourou,Crewed,N,50.0,40.0,45.0,45.0,87.0,16.0,51.5,9.920565166688291,5.972008936745416,NE,84.0,10.0,39.0,,9.0,1049,995.0,10:03,Stormy,Sample note 206
Rocket_207,2022-09-15,09:55,Vandenberg AFB,Crewed,Y,77.0,23.0,50.0,64.0,87.0,34.0,60.5,2.5402421551833188,4.202437286562417,NW,23.0,8.0,23.0,,8.0,993,1030.0,14:49,Stormy,Sample note 207
Rocket_208,2022-09-26,05:48,Baikonur Cosmodrome,Uncrewed,Y,70.0,29.0,49.5,41.0,64.0,0.0,32.0,6.6335599584113325,7.676254088324824,W,42.0,6.0,3.0,,7.0,995,1015.0,12:25,Foggy,Sample note 208
Rocket_209,2023-01-14,01:40,Cape Canaveral,Crewed,Y,65.0,23.0,44.0,43.0,77.0,32.0,54.5,2.115620525010013,2.026579279806118,SE,96.0,4.0,37.0,,3.0,1029,1030.0,10:57,Rainy,Sample note 209
Rocket_210,2023-06-18,02:14,Cape Canaveral,Uncrewed,Y,51.0,9.0,30.0,27.0,79.0,44.0,61.5,3.0178181892337075,5.618328985963386,SE,93.0,7.0,50.0,,8.0,1047,1031.0,10:11,Foggy,Sample note 210
Rocket_211,2023-07-27,10:18,Baikonur Cosmodrome,Uncrewed,N,58.0,17.0,37.5,53.0,71.0,30.0,50.5,0.7397013106684192,3.135457728586352,E,48.0,9.0,9.0,,2.0,1021,1033.0,10:12,Rainy,Sample note 211
Rocket_212,2023-07-24,17:09,Vandenberg AFB,Uncrewed,Y,74.0,17.0,45.5,19.0,67.0,9.0,38.0,8.0984631973568,6.450433558354596,NW,82.0,6.0,42.0,,6.0,1025,1017.0,14:46,Foggy,Sample note 212
Rocket_213,2023-03-13,22:33,Baikonur Cosmodrome,Uncrewed,N,90.0,14.0,52.0,48.0,72.0,42.0,57.0,3.003310710346673,4.50328724130242,NW,47.0,1.0,21.0,,7.0,1049,1007.0,14:34,Rainy,Sample note 213
Rocket_214,2023-03-09,11:08,Cape Canaveral,Crewed,Y,63.0,24.0,43.5,30.0,79.0,3.0,41.0,2.969446068017068,5.416697016482543,SE,8.0,1.0,0.0,,8.0,1050,1022.0,10:54,Foggy,Sample note 214
Rocket_215,2022-11-30,11:53,Baikonur Cosmodrome,Uncrewed,Y,93.0,19.0,56.0,47.0,98.0,47.0,72.5,1.2088206897094045,9.50598957704189,E,28.0,8.0,17.0,,5.0,1016,999.0,13:13,Rainy,Sample note 215
Rocket_216,2022-11-11,09:34,Kourou,Crewed,Y,59.0,12.0,35.5,35.0,86.0,28.0,57.0,1.3971541208832972,1.6284160071977427,NE,83.0,4.0,73.0,,1.0,1019,1025.0,12:15,Foggy,Sample note 216
Rocket_217,2023-06-21,19:25,Cape Canaveral,Uncrewed,Y,55.0,48.0,51.5,50.0,82.0,41.0,61.5,8.604787542832371,9.259162996582551,E,11.0,4.0,2.0,,1.0,1010,1047.0,12:00,Stormy,Sample note 217
Rocket_218,2023-03-15,03:50,Kourou,Uncrewed,N,58.0,13.0,35.5,34.0,82.0,1.0,41.5,9.127458135411157,2.752387251496692,SW,62.0,3.0,29.0,,10.0,1041,998.0,11:45,Stormy,Sample note 218
Rocket_219,2023-07-27,22:57,Kourou,Uncrewed,N,71.0,15.0,43.0,67.0,80.0,14.0,47.0,8.052403571609641,5.603649848557298,S,96.0,9.0,71.0,,10.0,991,990.0,10:11,Stormy,Sample note 219
Rocket_220,2023-06-01,11:25,Vandenberg AFB,Crewed,N,52.0,32.0,42.0,37.0,60.0,48.0,54.0,5.880060137179316,8.276355111113427,W,27.0,5.0,26.0,,6.0,994,1025.0,11:35,Rainy,Sample note 220
Rocket_221,2023-04-17,23:13,Baikonur Cosmodrome,Crewed,N,78.0,42.0,60.0,78.0,80.0,45.0,62.5,7.7739631220065775,2.979343600756821,W,51.0,1.0,15.0,,9.0,996,1036.0,11:05,Cloudy,Sample note 221
Rocket_222,2022-12-10,07:25,Cape Canaveral,Uncrewed,N,62.0,29.0,45.5,43.0,73.0,38.0,55.5,6.763478224037318,5.250469494368202,SE,60.0,10.0,54.0,,1.0,998,1007.0,12:37,Clear,Sample note 222
Rocket_223,2023-03-23,08:14,Vandenberg AFB,Crewed,Y,60.0,17.0,38.5,51.0,85.0,13.0,49.0,1.8130691868948068,4.383065264133835,SE,94.0,1.0,6.0,,5.0,1007,1001.0,14:00,Clear,Sample note 223
Rocket_224,2022-09-20,11:24,Cape Canaveral,Uncrewed,N,71.0,36.0,53.5,65.0,54.0,26.0,40.0,7.937084117789379,1.1513466870583722,S,70.0,4.0,1.0,,8.0,1033,1032.0,11:01,Clear,Sample note 224
Rocket_225,2022-10-03,22:52,Cape Canaveral,Uncrewed,Y,60.0,13.0,36.5,51.0,69.0,22.0,45.5,0.2784114553262495,8.996807743771825,E,50.0,8.0,33.0,,10.0,992,1019.0,11:54,Stormy,Sample note 225
Rocket_226,2022-10-27,00:18,Cape Canaveral,Uncrewed,Y,99.0,41.0,70.0,47.0,51.0,15.0,33.0,3.210882048220194,1.92323789946934,NE,43.0,5.0,1.0,,4.0,1029,1019.0,13:22,Snowy,Sample note 226
Rocket_227,2023-07-22,16:09,Baikonur Cosmodrome,Crewed,Y,59.0,30.0,44.5,45.0,66.0,45.0,55.5,9.402282882076427,3.900163103605885,S,99.0,1.0,98.0,,3.0,1000,1009.0,13:02,Clear,Sample note 227
Rocket_228,2023-05-24,18:05,Baikonur Cosmodrome,Crewed,N,99.0,40.0,69.5,58.0,50.0,16.0,33.0,6.186635834140794,1.1604506644664203,N,75.0,1.0,36.0,,5.0,1012,1017.0,10:03,Cloudy,Sample note 228
Rocket_229,2022-11-03,21:25,Kourou,Uncrewed,N,85.0,25.0,55.0,31.0,53.0,4.0,28.5,8.710021305122774,1.3211606451685054,S,60.0,7.0,9.0,,1.0,1033,1044.0,11:34,Foggy,Sample note 229
Rocket_230,2023-07-13,12:41,Cape Canaveral,Uncrewed,N,59.0,18.0,38.5,28.0,56.0,11.0,33.5,3.271492611437191,1.2659992735721417,N,72.0,3.0,52.0,,2.0,994,999.0,10:11,Snowy,Sample note 230
Rocket_231,2023-08-08,06:12,Vandenberg AFB,Uncrewed,N,57.0,34.0,45.5,48.0,52.0,19.0,35.5,8.863324197194729,7.924707242644161,N,16.0,1.0,16.0,,4.0,1032,1017.0,11:06,Cloudy,Sample note 231
Rocket_232,2023-05-04,18:42,Vandenberg AFB,Uncrewed,Y,60.0,25.0,42.5,59.0,68.0,3.0,35.5,1.5399463968942362,4.359069078595438,E,36.0,6.0,16.0,,2.0,1044,997.0,11:57,Snowy,Sample note 232
Rocket_233,2022-12-18,21:42,Baikonur Cosmodrome,Uncrewed,N,76.0,9.0,42.5,24.0,50.0,48.0,49.0,6.941164187581848,2.2332344160245867,S,56.0,8.0,31.0,,10.0,1048,1006.0,11:55,Cloudy,Sample note 233
Rocket_234,2023-07-07,01:59,Baikonur Cosmodrome,Uncrewed,N,97.0,5.0,51.0,9.0,88.0,8.0,48.0,4.808850890795594,4.6398774461869845,E,57.0,3.0,32.0,,10.0,1007,1031.0,14:02,Snowy,Sample note 234
Rocket_235,2023-08-12,05:39,Kourou,Uncrewed,N,50.0,19.0,34.5,38.0,82.0,12.0,47.0,9.757646726917631,8.242418589417055,SE,93.0,2.0,16.0,,7.0,1015,1011.0,10:03,Snowy,Sample note 235
Rocket_236,2023-05-23,05:22,Kourou,Crewed,Y,98.0,20.0,59.0,37.0,89.0,34.0,61.5,2.460156036045247,5.807485538120279,W,80.0,8.0,70.0,,5.0,1012,1049.0,13:48,Snowy,Sample note 236
Rocket_237,2023-03-14,17:02,Kourou,Uncrewed,Y,86.0,31.0,58.5,49.0,73.0,9.0,41.0,6.600471652218703,0.6494308555097072,S,72.0,4.0,10.0,,7.0,1039,998.0,11:34,Foggy,Sample note 237
Rocket_238,2022-10-15,15:05,Kourou,Crewed,Y,98.0,26.0,62.0,88.0,60.0,26.0,43.0,0.4800512319301231,4.950295355943057,S,1.0,6.0,0.0,,6.0,995,1048.0,13:10,Rainy,Sample note 238
Rocket_239,2023-03-25,09:10,Kourou,Crewed,Y,56.0,37.0,46.5,44.0,90.0,20.0,55.0,9.45352004885827,5.9220840799330645,NE,89.0,3.0,61.0,,3.0,1005,1004.0,14:55,Cloudy,Sample note 239
Rocket_240,2022-10-17,01:03,Baikonur Cosmodrome,Crewed,N,74.0,8.0,41.0,12.0,73.0,8.0,40.5,9.00316945040328,2.826016353949201,NW,77.0,7.0,43.0,,9.0,1024,1020.0,12:18,Snowy,Sample note 240
Rocket_241,2022-10-03,04:53,Baikonur Cosmodrome,Uncrewed,N,60.0,48.0,54.0,58.0,85.0,1.0,43.0,2.4989503060232785,9.991167600350796,NE,0.0,6.0,0.0,,8.0,1008,1045.0,10:39,Stormy,Sample note 241
Rocket_242,2023-01-04,07:43,Baikonur Cosmodrome,Uncrewed,Y,53.0,46.0,49.5,52.0,85.0,28.0,56.5,4.626116466409778,6.032399763010922,N,19.0,5.0,17.0,,6.0,1009,1035.0,14:52,Snowy,Sample note 242
Rocket_243,2022-10-01,16:25,Kourou,Crewed,N,74.0,7.0,40.5,52.0,67.0,46.0,56.5,2.4415001417854376,2.871254209718128,NE,51.0,6.0,15.0,,2.0,1038,1029.0,14:29,Cloudy,Sample note 243
Rocket_244,2023-02-24,14:08,Baikonur Cosmodrome,Uncrewed,Y,84.0,17.0,50.5,18.0,70.0,17.0,43.5,0.980664471491386,0.163648911341766,NE,93.0,1.0,32.0,,5.0,1034,1003.0,14:56,Foggy,Sample note 244
Rocket_245,2022-11-13,22:56,Kourou,Uncrewed,N,75.0,31.0,53.0,43.0,95.0,21.0,58.0,5.182594320287977,2.0244428351108223,SE,38.0,8.0,33.0,,4.0,994,1017.0,12:03,Clear,Sample note 245
Rocket_246,2022-11-10,18:59,Kourou,Crewed,Y,65.0,23.0,44.0,64.0,61.0,10.0,35.5,1.0084928923198189,0.6412379137752067,W,64.0,5.0,10.0,,6.0,1009,1048.0,10:10,Snowy,Sample note 246
Rocket_247,2022-11-28,16:06,Baikonur Cosmodrome,Crewed,N,74.0,4.0,39.0,71.0,71.0,48.0,59.5,0.3995904203956779,4.102518083319135,E,88.0,10.0,45.0,,8.0,1042,996.0,12:50,Rainy,Sample note 247
Rocket_248,2023-07-24,09:31,Cape Canaveral,Uncrewed,Y,59.0,14.0,36.5,46.0,61.0,30.0,45.5,8.707620418099536,7.96282197735357,SW,7.0,4.0,1.0,,5.0,1031,1012.0,12:35,Foggy,Sample note 248
Rocket_249,2023-03-18,20:48,Cape Canaveral,Crewed,N,78.0,47.0,62.5,78.0,100.0,30.0,65.0,1.9373326790308687,8.075744473894293,NW,39.0,6.0,24.0,,7.0,1003,1015.0,10:12,Cloudy,Sample note 249
Rocket_250,2022-10-01,10:14,Baikonur Cosmodrome,Uncrewed,Y,62.0,14.0,38.0,49.0,95.0,46.0,70.5,4.878643324266228,5.758659372216433,S,73.0,1.0,24.0,,4.0,1005,1007.0,12:26,Stormy,Sample note 250
Rocket_251,2023-03-18,05:45,Cape Canaveral,Uncrewed,Y,98.0,46.0,72.0,71.0,74.0,46.0,60.0,6.295010385696425,6.609518832306609,S,62.0,7.0,1.0,,6.0,998,1047.0,12:26,Cloudy,Sample note 251
Rocket_252,2023-04-26,23:44,Baikonur Cosmodrome,Uncrewed,N,59.0,44.0,51.5,54.0,91.0,25.0,58.0,8.4138040012493,3.8556956123724384,NW,84.0,5.0,25.0,,10.0,1044,1037.0,14:44,Foggy,Sample note 252
Rocket_253,2022-10-19,03:43,Vandenberg AFB,Uncrewed,N,86.0,6.0,46.0,65.0,81.0,7.0,44.0,5.647839491783644,8.432093393012432,S,35.0,8.0,34.0,,2.0,1042,1004.0,10:34,Clear,Sample note 253
Rocket_254,2023-08-19,08:06,Vandenberg AFB,Crewed,Y,76.0,12.0,44.0,13.0,92.0,17.0,54.5,6.137135980610333,7.985364535790962,W,11.0,1.0,3.0,,1.0,1032,1040.0,10:33,Stormy,Sample note 254
Rocket_255,2022-12-08,14:49,Baikonur Cosmodrome,Crewed,N,97.0,24.0,60.5,78.0,66.0,10.0,38.0,3.979693664568207,9.862572877684013,E,16.0,7.0,16.0,,10.0,998,1020.0,14:46,Foggy,Sample note 255
Rocket_256,2022-10-26,14:18,Vandenberg AFB,Uncrewed,N,63.0,18.0,40.5,24.0,72.0,12.0,42.0,8.836529791233797,2.018669829596008,SW,92.0,4.0,65.0,,5.0,1044,996.0,12:56,Clear,Sample note 256
Rocket_257,2023-07-31,23:03,Baikonur Cosmodrome,Uncrewed,N,62.0,13.0,37.5,14.0,66.0,1.0,33.5,9.67613123059878,1.8588819989529115,SW,78.0,4.0,75.0,,9.0,1009,1038.0,10:05,Cloudy,Sample note 257
Rocket_258,2023-07-09,01:03,Kourou,Crewed,N,94.0,28.0,61.0,58.0,78.0,35.0,56.5,4.938348332842227,1.2774281257503006,NE,99.0,4.0,73.0,,6.0,1024,1021.0,12:41,Cloudy,Sample note 258
Rocket_259,2023-04-25,23:45,Vandenberg AFB,Uncrewed,Y,91.0,26.0,58.5,27.0,66.0,49.0,57.5,1.7724387134671982,1.613570050806199,S,35.0,9.0,31.0,,6.0,1002,1030.0,14:33,Foggy,Sample note 259
Rocket_260,2022-09-16,04:49,Baikonur Cosmodrome,Crewed,N,96.0,47.0,71.5,51.0,66.0,29.0,47.5,4.751561051555818,0.5749972366233747,W,1.0,2.0,0.0,,4.0,1046,1017.0,11:21,Foggy,Sample note 260
Rocket_261,2023-06-18,18:39,Kourou,Uncrewed,N,86.0,10.0,48.0,22.0,70.0,35.0,52.5,6.625127796363373,4.676913729619285,S,97.0,5.0,5.0,,6.0,1020,1012.0,13:46,Stormy,Sample note 261
Rocket_262,2022-10-01,03:33,Cape Canaveral,Crewed,N,75.0,16.0,45.5,61.0,54.0,6.0,30.0,7.996425210861519,4.180659922440661,NW,3.0,3.0,1.0,,2.0,1047,1031.0,11:01,Cloudy,Sample note 262
Rocket_263,2022-10-16,19:17,Cape Canaveral,Crewed,Y,80.0,11.0,45.5,67.0,78.0,39.0,58.5,8.048308854330749,0.6334510366325918,W,90.0,9.0,26.0,,1.0,1049,1012.0,13:46,Clear,Sample note 263
Rocket_264,2022-10-07,10:34,Vandenberg AFB,Uncrewed,Y,54.0,21.0,37.5,46.0,98.0,10.0,54.0,0.6994005565242567,7.780852366048774,E,95.0,10.0,31.0,,8.0,1008,1005.0,11:46,Clear,Sample note 264
Rocket_265,2022-11-29,21:53,Vandenberg AFB,Crewed,N,96.0,42.0,69.0,45.0,87.0,6.0,46.5,9.954480253743968,1.2599458949201114,SE,29.0,5.0,28.0,,9.0,1049,1049.0,11:58,Cloudy,Sample note 265
Rocket_266,2023-03-10,22:52,Cape Canaveral,Crewed,Y,86.0,47.0,66.5,54.0,63.0,39.0,51.0,3.336381816609989,5.784237648531141,W,66.0,4.0,33.0,,2.0,998,1041.0,10:12,Cloudy,Sample note 266
Rocket_267,2023-07-02,18:55,Cape Canaveral,Uncrewed,N,58.0,31.0,44.5,33.0,50.0,13.0,31.5,1.607011537743812,4.360142760708108,W,48.0,8.0,24.0,,10.0,1022,995.0,10:22,Rainy,Sample note 267
Rocket_268,2023-03-31,03:25,Cape Canaveral,Uncrewed,N,98.0,38.0,68.0,49.0,66.0,17.0,41.5,6.960334116152543,7.040033413408465,E,73.0,4.0,61.0,,8.0,1032,1019.0,13:56,Rainy,Sample note 268
Rocket_269,2022-12-07,20:36,Baikonur Cosmodrome,Uncrewed,N,100.0,38.0,69.0,85.0,52.0,40.0,46.0,3.5198263164923524,9.55715879930693,S,92.0,1.0,89.0,,6.0,1023,1038.0,12:57,Rainy,Sample note 269
Rocket_270,2023-08-14,18:28,Cape Canaveral,Uncrewed,Y,53.0,4.0,28.5,33.0,88.0,4.0,46.0,2.199958039847302,6.072320687868775,SE,5.0,7.0,2.0,,6.0,1019,997.0,14:14,Rainy,Sample note 270
Rocket_271,2023-05-27,13:32,Vandenberg AFB,Crewed,N,62.0,15.0,38.5,18.0,80.0,40.0,60.0,8.297449844834036,7.65370615724898,SE,17.0,3.0,2.0,,6.0,1044,1002.0,13:17,Snowy,Sample note 271
Rocket_272,2023-07-27,15:06,Kourou,Uncrewed,N,71.0,5.0,38.0,46.0,69.0,38.0,53.5,1.4277383229089702,2.015802269024656,SE,6.0,4.0,6.0,,6.0,1029,1012.0,13:01,Snowy,Sample note 272
Rocket_273,2023-03-14,18:48,Baikonur Cosmodrome,Uncrewed,N,84.0,37.0,60.5,42.0,61.0,47.0,54.0,3.853192901073295,4.567919353746327,NE,89.0,4.0,1.0,,8.0,1026,1014.0,14:04,Stormy,Sample note 273
Rocket_274,2022-10-23,02:40,Cape Canaveral,Uncrewed,N,76.0,18.0,47.0,19.0,66.0,12.0,39.0,7.334922485097338,2.5026579562433278,S,27.0,4.0,26.0,,4.0,1042,1045.0,11:46,Snowy,Sample note 274
Rocket_275,2023-08-26,05:55,Kourou,Crewed,Y,59.0,2.0,30.5,35.0,66.0,21.0,43.5,1.5730937586152538,5.434447086020554,NW,26.0,9.0,9.0,,6.0,1005,1016.0,10:40,Rainy,Sample note 275
Rocket_276,2023-05-02,01:37,Baikonur Cosmodrome,Crewed,N,84.0,35.0,59.5,71.0,79.0,38.0,58.5,2.401531514158042,1.9535129932598605,S,7.0,9.0,2.0,,10.0,1017,1039.0,14:57,Rainy,Sample note 276
Rocket_277,2023-03-22,20:36,Kourou,Crewed,N,100.0,13.0,56.5,93.0,90.0,43.0,66.5,6.019755207634937,4.673135066947945,N,13.0,1.0,10.0,,5.0,1047,1044.0,11:19,Cloudy,Sample note 277
Rocket_278,2022-12-08,04:14,Kourou,Crewed,Y,54.0,47.0,50.5,51.0,85.0,25.0,55.0,2.717460098164888,9.991014673659452,SE,78.0,3.0,28.0,,1.0,1009,1035.0,14:54,Clear,Sample note 278
Rocket_279,2023-09-04,19:58,Baikonur Cosmodrome,Crewed,N,77.0,49.0,63.0,59.0,76.0,34.0,55.0,7.141997065878943,1.3154900594454488,SE,21.0,8.0,12.0,,10.0,1031,992.0,14:21,Stormy,Sample note 279
Rocket_280,2023-06-13,05:41,Vandenberg AFB,Uncrewed,Y,86.0,2.0,44.0,42.0,68.0,40.0,54.0,8.002778483423505,6.301455134056994,S,71.0,3.0,33.0,,5.0,1043,1028.0,12:43,Clear,Sample note 280
Rocket_281,2023-06-26,11:20,Kourou,Crewed,Y,65.0,11.0,38.0,37.0,75.0,23.0,49.0,3.283328448522187,5.863155888499328,N,71.0,2.0,45.0,,10.0,1038,1039.0,11:22,Foggy,Sample note 281
Rocket_282,2022-12-26,14:35,Baikonur Cosmodrome,Crewed,N,99.0,33.0,66.0,61.0,89.0,37.0,63.0,6.93237459810221,7.670083908814832,S,7.0,5.0,2.0,,9.0,1023,1040.0,10:09,Clear,Sample note 282
Rocket_283,2023-06-14,21:35,Vandenberg AFB,Uncrewed,Y,57.0,3.0,30.0,47.0,73.0,4.0,38.5,8.205344257707436,7.644308844086456,E,47.0,4.0,46.0,,4.0,992,1029.0,11:49,Snowy,Sample note 283
Rocket_284,2023-01-21,19:23,Kourou,Uncrewed,N,89.0,25.0,57.0,35.0,74.0,37.0,55.5,1.954678898975384,5.572702075403125,NE,93.0,2.0,33.0,,5.0,992,1000.0,10:06,Cloudy,Sample note 284
Rocket_285,2023-08-19,10:21,Vandenberg AFB,Crewed,N,63.0,17.0,40.0,43.0,52.0,36.0,44.0,5.606404281195728,7.658388385151285,SW,6.0,8.0,0.0,,3.0,1004,1049.0,13:51,Cloudy,Sample note 285
Rocket_286,2023-05-26,23:55,Cape Canaveral,Uncrewed,Y,58.0,38.0,48.0,47.0,75.0,21.0,48.0,0.6909053935282061,5.056319462870031,SE,94.0,5.0,70.0,,6.0,1029,1038.0,13:50,Rainy,Sample note 286
Rocket_287,2023-06-24,14:50,Kourou,Uncrewed,N,58.0,30.0,44.0,33.0,77.0,11.0,44.0,0.3340613624376387,4.030230131460485,SW,30.0,5.0,5.0,,9.0,1028,991.0,10:04,Snowy,Sample note 287
Rocket_288,2023-08-16,21:37,Vandenberg AFB,Crewed,N,77.0,5.0,41.0,37.0,52.0,47.0,49.5,6.645802475769683,8.28944535107556,SE,69.0,3.0,61.0,,9.0,1010,1023.0,12:02,Cloudy,Sample note 288
Rocket_289,2023-01-25,19:09,Cape Canaveral,Uncrewed,N,80.0,18.0,49.0,72.0,74.0,18.0,46.0,3.4062635000003008,0.0004936240088948,N,54.0,6.0,19.0,,9.0,996,1029.0,13:41,Snowy,Sample note 289
Rocket_290,2022-10-16,08:44,Baikonur Cosmodrome,Uncrewed,Y,94.0,36.0,65.0,49.0,62.0,42.0,52.0,1.6961805728868884,8.65711896072927,SW,14.0,1.0,1.0,,5.0,1004,1013.0,11:59,Rainy,Sample note 290
Rocket_291,2022-10-12,03:30,Kourou,Uncrewed,Y,84.0,48.0,66.0,63.0,96.0,45.0,70.5,3.757304651349496,6.287956566757307,N,100.0,2.0,37.0,,10.0,1009,1007.0,14:28,Clear,Sample note 291
Rocket_292,2023-05-01,13:56,Vandenberg AFB,Crewed,Y,96.0,40.0,68.0,78.0,68.0,0.0,34.0,5.837533928330887,8.985427015060507,SE,14.0,10.0,12.0,,10.0,1042,992.0,10:08,Foggy,Sample note 292
Rocket_293,2023-06-09,03:45,Cape Canaveral,Crewed,N,68.0,15.0,41.5,66.0,82.0,38.0,60.0,5.3245677406245,1.3734920629865366,SW,17.0,5.0,7.0,,4.0,1047,1024.0,11:54,Rainy,Sample note 293
Rocket_294,2023-05-06,14:15,Kourou,Uncrewed,Y,67.0,32.0,49.5,45.0,64.0,33.0,48.5,5.06815959005635,7.905067357211783,W,6.0,9.0,6.0,,5.0,996,1028.0,10:08,Snowy,Sample note 294
Rocket_295,2023-07-24,18:55,Kourou,Crewed,N,96.0,47.0,71.5,58.0,88.0,28.0,58.0,7.900605595989786,4.603836841122049,NW,21.0,10.0,20.0,,1.0,1046,1042.0,11:10,Cloudy,Sample note 295
Rocket_296,2023-01-14,17:28,Cape Canaveral,Uncrewed,Y,99.0,14.0,56.5,77.0,59.0,18.0,38.5,0.3669863983191568,4.947015496325738,S,69.0,3.0,4.0,,8.0,1001,1007.0,14:25,Snowy,Sample note 296
Rocket_297,2023-03-27,12:07,Vandenberg AFB,Uncrewed,Y,83.0,18.0,50.5,46.0,57.0,22.0,39.5,0.8755232288469394,9.22562634598386,NE,77.0,3.0,61.0,,6.0,994,992.0,14:19,Cloudy,Sample note 297
Rocket_298,2023-02-18,06:17,Baikonur Cosmodrome,Crewed,Y,76.0,8.0,42.0,11.0,76.0,43.0,59.5,8.71694927488358,1.0470022610744834,S,77.0,1.0,2.0,,8.0,1032,1025.0,10:47,Foggy,Sample note 298
Rocket_299,2023-02-08,18:36,Baikonur Cosmodrome,Uncrewed,N,79.0,40.0,59.5,72.0,66.0,23.0,44.5,8.493884018902074,2.6306342880434253,E,20.0,8.0,2.0,,8.0,1026,1044.0,13:13,Cloudy,Sample note 299
